Time,Header.seq,Header.stamp.secs,Header.stamp.nsecs,Header.frame_id,Latitude,Longitude,Altitude,HDOP,UTM_easting,UTM_northing,UTC,Zone,Letter,fix_quality
1676486371.263543,0,1676486371,20000000,GPS1_Frame,42.338373983333334,-71.08815525333333,-43.267,24.9,327979.5596182478,4689458.3214519825,183931.2,19,T,5
1676486372.2647538,0,1676486372,20000000,GPS1_Frame,42.338372156666665,-71.088154415,-43.264,24.8,327979.62370123004,4689458.116918536,183932.2,19,T,5
1676486373.2665718,0,1676486373,20000000,GPS1_Frame,42.338364825,-71.08815293833334,-43.836,24.7,327979.7253603458,4689457.299805319,183933.2,19,T,5
1676486374.2627134,0,1676486374,20000000,GPS1_Frame,42.338373833333335,-71.08815361333333,-42.283,24.6,327979.69431665866,4689458.301477784,183934.2,19,T,5
1676486375.2763207,0,1676486375,20000000,GPS1_Frame,42.33839176,-71.08815476666666,-39.568,24.5,327979.648185835,4689460.294431036,183935.2,19,T,5
1676486376.2806792,0,1676486376,20000000,GPS1_Frame,42.338399163333335,-71.08815490666667,-38.244,1.1,327979.6568402355,4689461.116798121,183936.2,19,T,1
1676486377.2690535,0,1676486377,20000000,GPS1_Frame,42.33841110666667,-71.08815601666667,-36.533,24.4,327979.5979635969,4689462.445260055,183937.2,19,T,5
1676486378.26353,0,1676486378,20000000,GPS1_Frame,42.338373993333335,-71.08815308333334,-41.258,1.4,327979.738415729,4689458.31817234,183938.2,19,T,1
1676486379.263277,0,1676486379,20000000,GPS1_Frame,42.33831748666667,-71.08814940333333,-48.639,1.4,327979.8874976103,4689452.036091967,183939.2,19,T,1
1676486380.2643151,0,1676486380,20000000,GPS1_Frame,42.338235796666666,-71.088144325,-59.51,1.4,327980.0831074738,4689442.954765197,183940.2,19,T,1
1676486381.2659266,0,1676486381,20000000,GPS1_Frame,42.338116123333336,-71.08813524833333,-74.541,1.4,327980.5045386753,4689429.647589641,183941.2,19,T,1
1676486382.2613525,0,1676486382,20000000,GPS1_Frame,42.338173581666666,-71.08814034,-68.992,24.0,327980.24175210577,4689436.038200984,183942.2,19,T,5
1676486383.2651873,0,1676486383,20000000,GPS1_Frame,42.33836672,-71.08815529166667,-43.144,1.4,327979.53665405663,4689457.514991619,183943.2,19,T,1
1676486384.259648,0,1676486384,20000000,GPS1_Frame,42.33843520333333,-71.08815905833333,-34.031,23.8,327979.41309213033,4689465.127165138,183944.2,19,T,5
1676486385.2626486,0,1676486385,20000000,GPS1_Frame,42.33848051,-71.088162095,-27.996,23.7,327979.286470094,4689470.164269322,183945.2,19,T,5
1676486386.2667153,0,1676486386,20000000,GPS1_Frame,42.338525983333334,-71.08816503333334,-22.058,23.7,327979.1684039387,4689475.219681679,183946.2,19,T,5
1676486387.263948,0,1676486387,20000000,GPS1_Frame,42.33857057,-71.08816832666666,-16.254,23.6,327979.0186746643,4689480.17735469,183947.2,19,T,5
1676486388.2599463,0,1676486388,20000000,GPS1_Frame,42.33860747,-71.08817167333333,-11.517,23.5,327978.8435913261,4689484.281589746,183948.2,19,T,5
1676486389.259319,0,1676486389,20000000,GPS1_Frame,42.338649035,-71.08817495166667,-6.223,23.4,327978.68685888854,4689488.903699381,183949.2,19,T,5
1676486390.2896845,0,1676486390,20000000,GPS1_Frame,42.338663233333335,-71.08817686333333,-4.399,23.4,327978.568089208,4689490.484183848,183950.2,19,T,5
1676486391.2781558,0,1676486391,20000000,GPS1_Frame,42.338674393333335,-71.08817899,-3.116,1.0,327978.4233221435,4689491.727719469,183951.2,19,T,1
1676486392.2722821,0,1676486392,20000000,GPS1_Frame,42.339014045,-71.08821205166667,39.225,1.5,327976.6258504024,4689529.510343798,183952.2,19,T,5
1676486393.2687466,0,1676486393,20000000,GPS1_Frame,42.33902843166667,-71.08821263166666,41.018,23.1,327976.617301183,4689531.109047276,183953.2,19,T,5
1676486394.271362,0,1676486394,20000000,GPS1_Frame,42.33903001,-71.08821172166667,41.468,23.1,327976.6965726456,4689531.282468153,183954.2,19,T,5
1676486395.2616563,0,1676486395,20000000,GPS1_Frame,42.33902693,-71.08821080333334,41.489,23.0,327976.7638274324,4689530.938599638,183955.2,19,T,5
1676486396.262182,0,1676486396,20000000,GPS1_Frame,42.339036996666664,-71.08821224166667,42.842,1.5,327976.67278667045,4689532.059336452,183956.2,19,T,5
1676486397.2679162,0,1676486397,20000000,GPS1_Frame,42.339044306666665,-71.08821327333334,43.913,1.5,327976.6077304545,4689532.873143631,183957.2,19,T,5
1676486398.2803328,0,1676486398,20000000,GPS1_Frame,42.339046321666665,-71.088213595,44.344,1.5,327976.58672587975,4689533.097544853,183958.2,19,T,5
1676486399.2806237,0,1676486399,20000000,GPS1_Frame,42.33904697,-71.088212345,45.184,22.7,327976.69147100934,4689533.167008427,183959.2,19,T,5
1676486400.2644758,0,1676486400,20000000,GPS1_Frame,42.33903853333333,-71.08820941,44.633,1.0,327976.9102546999,4689532.2242427785,184000.2,19,T,1
1676486401.2691128,0,1676486401,20000000,GPS1_Frame,42.339029735,-71.08820774,42.638,1.1,327977.02383931435,4689531.243876059,184001.2,19,T,1
1676486402.2665353,0,1676486402,20000000,GPS1_Frame,42.33902436333333,-71.08820644833334,43.056,22.5,327977.11560064636,4689530.644780069,184002.2,19,T,5
1676486403.2607577,0,1676486403,20000000,GPS1_Frame,42.33901967333333,-71.08820558166667,43.269,22.4,327977.1742086427,4689530.122237814,184003.2,19,T,5
1676486404.2588727,0,1676486404,20000000,GPS1_Frame,42.339010175,-71.08820371333333,43.491,1.1,327977.30222351954,4689529.06374017,184004.2,19,T,1
1676486405.2648215,0,1676486405,20000000,GPS1_Frame,42.338994826666664,-71.08820097,42.097,1.1,327977.4863697406,4689527.353874233,184005.2,19,T,1
1676486406.2651353,0,1676486406,20000000,GPS1_Frame,42.339002758333336,-71.08819978,42.7,1.1,327977.60603343125,4689528.232218055,184006.2,19,T,1
1676486407.2727091,0,1676486407,20000000,GPS1_Frame,42.338980416666665,-71.08819714333333,40.679,22.2,327977.76232182514,4689525.746011384,184007.2,19,T,5
1676486408.2707667,0,1676486408,20000000,GPS1_Frame,42.33898009,-71.08819688333334,40.376,1.0,327977.7828502858,4689525.709211524,184008.2,19,T,1
1676486409.2671664,0,1676486409,20000000,GPS1_Frame,42.33891349333334,-71.08819000333334,32.753,3.0,327978.1680312835,4689518.300238581,184009.2,19,T,5
1676486410.2573044,0,1676486410,20000000,GPS1_Frame,42.338871471666664,-71.08818632666667,28.714,22.0,327978.3563313593,4689513.626613469,184010.2,19,T,5
1676486411.267017,0,1676486411,20000000,GPS1_Frame,42.33885888333333,-71.08818351166667,27.61,21.9,327978.55390892364,4689512.223079658,184011.2,19,T,5
1676486412.2668698,0,1676486412,20000000,GPS1_Frame,42.33885215,-71.08818143,27.003,1.4,327978.7070393355,4689511.471182729,184012.2,19,T,1
1676486413.2865126,0,1676486413,20000000,GPS1_Frame,42.338850095,-71.088181345,26.447,1.4,327978.7084379562,4689511.242818629,184013.2,19,T,1
1676486414.2847264,0,1676486414,20000000,GPS1_Frame,42.33879672,-71.08817538333334,20.052,4.3,327979.05402220273,4689505.303869432,184014.2,19,T,5
1676486415.2792106,0,1676486415,20000000,GPS1_Frame,42.33877251166667,-71.08817077666667,17.321,4.3,327979.3675146841,4689502.60639827,184015.2,19,T,5
1676486416.282868,0,1676486416,20000000,GPS1_Frame,42.338736346666664,-71.088165865,13.6,3.0,327979.67352930957,4689498.580613143,184016.2,19,T,5
1676486417.2898164,0,1676486417,20000000,GPS1_Frame,42.33873284,-71.088165665,13.041,1.4,327979.68044337956,4689498.190819845,184017.2,19,T,1
1676486418.2982476,0,1676486418,20000000,GPS1_Frame,42.33873286,-71.08816762833334,12.655,1.0,327979.5187543587,4689498.197012687,184018.2,19,T,1
1676486419.277044,0,1676486419,20000000,GPS1_Frame,42.338735486666664,-71.08817019166666,12.595,1.0,327979.3147442243,4689498.493869908,184019.2,19,T,1
1676486420.2856708,0,1676486420,20000000,GPS1_Frame,42.33874321333333,-71.088173105,13.324,1.0,327979.0958076379,4689499.357751456,184020.2,19,T,1
1676486421.2968044,0,1676486421,20000000,GPS1_Frame,42.338755453333334,-71.088176315,14.327,1.2,327978.8647385995,4689500.723404565,184021.2,19,T,1
1676486422.2864132,0,1676486422,20000000,GPS1_Frame,42.338767876666665,-71.08818125,15.285,1.4,327978.492060533,4689502.112905308,184022.2,19,T,1
1676486423.30124,0,1676486423,20000000,GPS1_Frame,42.33870101666667,-71.08816651833334,8.909,1.2,327979.52336471167,4689494.658806929,184023.2,19,T,1
1676486424.2731614,0,1676486424,20000000,GPS1_Frame,42.338502055,-71.08813615833333,-11.965,1.1,327981.4819462635,4689472.504206077,184024.2,19,T,1
1676486425.2646449,0,1676486425,20000000,GPS1_Frame,42.33850098,-71.08817970833333,-16.463,1.4,327977.89126047667,4689472.472940506,184025.2,19,T,1
1676486426.268754,0,1676486426,20000000,GPS1_Frame,42.338497323333335,-71.08824942333334,-23.639,1.4,327972.1379982567,4689472.207938118,184026.2,19,T,1
1676486427.2718732,0,1676486427,20000000,GPS1_Frame,42.33843098333333,-71.08817444333333,-24.375,1.4,327978.1341297409,4689464.689691396,184027.2,19,T,1
1676486428.2699318,0,1676486428,20000000,GPS1_Frame,42.33834338166667,-71.08817506666666,-34.734,1.4,327977.84389694274,4689454.963453701,184028.2,19,T,1
1676486429.2631948,0,1676486429,20000000,GPS1_Frame,42.33823001,-71.0881609,-46.676,1.4,327978.7018335962,4689442.34573228,184029.2,19,T,1
1676486430.26352,0,1676486430,20000000,GPS1_Frame,42.338741830000004,-71.08829458666666,-0.243,4.3,327969.08411984344,4689499.449918706,184030.2,19,T,5
1676486431.269145,0,1676486431,20000000,GPS1_Frame,42.338728208333336,-71.088297045,-2.195,4.3,327968.84444981377,4689497.942309873,184031.2,19,T,5
1676486432.2910848,0,1676486432,20000000,GPS1_Frame,42.33873382,-71.08830240666667,-2.301,4.3,327968.4180478163,4689498.57629062,184032.2,19,T,5
1676486433.2712653,0,1676486433,20000000,GPS1_Frame,42.33874273,-71.088304075,-1.674,4.3,327968.30490533466,4689499.569053812,184033.2,19,T,5
1676486434.2639039,0,1676486434,20000000,GPS1_Frame,42.33874526333334,-71.08829971666667,-1.143,1.1,327968.6708626173,4689499.841543367,184034.2,19,T,1
1676486435.2686641,0,1676486435,20000000,GPS1_Frame,42.33874693833334,-71.08829882666667,-1.083,1.1,327968.74875055,4689500.025738727,184035.2,19,T,1
1676486436.2647622,0,1676486436,20000000,GPS1_Frame,42.338748085,-71.08830110833334,-1.568,1.1,327968.56390911504,4689500.15768365,184036.2,19,T,1
1676486437.2657106,0,1676486437,20000000,GPS1_Frame,42.338748106666664,-71.08830005833333,-1.647,1.1,327968.6504694074,4689500.15796519,184037.2,19,T,1
1676486438.2661378,0,1676486438,20000000,GPS1_Frame,42.33840567833333,-71.08821756833333,-33.402,1.1,327974.51237823063,4689461.967010371,184038.2,19,T,1
1676486439.2621236,0,1676486439,20000000,GPS1_Frame,42.33806344333333,-71.0881928,-70.57,1.1,327975.6196105923,4689423.914308243,184039.2,19,T,1
1676486440.2661245,0,1676486440,20000000,GPS1_Frame,42.33894509833333,-71.08822723,27.486,1.7,327975.18741518375,4689521.885048077,184040.2,19,T,1
1676486441.2628796,0,1676486441,20000000,GPS1_Frame,42.33825487833333,-71.08818288833334,-47.568,20.1,327976.95818721474,4689445.1516558295,184041.2,19,T,5
1676486442.267313,0,1676486442,20000000,GPS1_Frame,42.33816758333333,-71.08817023333333,-56.398,1.7,327977.76269740064,4689435.432608088,184042.2,19,T,1
1676486443.2606027,0,1676486443,20000000,GPS1_Frame,42.33816530166666,-71.08816112166667,-55.552,1.7,327978.5071207179,4689435.160812715,184043.2,19,T,1
1676486444.26707,0,1676486444,20000000,GPS1_Frame,42.338169648333334,-71.08815212,-54.077,1.7,327979.2605565048,4689435.625265938,184044.2,19,T,1
1676486445.2710905,0,1676486445,20000000,GPS1_Frame,42.338187291666664,-71.08815014166667,-51.839,1.7,327979.47164809646,4689437.580421536,184045.2,19,T,1
1676486446.266717,0,1676486446,20000000,GPS1_Frame,42.338955408333334,-71.08818222166667,33.514,3.6,327978.92339925934,4689522.9388377555,184046.2,19,T,5
1676486447.2652545,0,1676486447,20000000,GPS1_Frame,42.338958391666665,-71.088179575,34.483,3.6,327979.14957185683,4689523.264759783,184047.2,19,T,5
1676486448.2664552,0,1676486448,20000000,GPS1_Frame,42.338967725,-71.08817666333333,36.039,1.7,327979.41489163635,4689524.295264956,184048.2,19,T,1
1676486449.2701244,0,1676486449,20000000,GPS1_Frame,42.338969045,-71.08817450833334,36.458,1.7,327979.5960239875,4689524.437481154,184049.2,19,T,1
1676486450.262686,0,1676486450,20000000,GPS1_Frame,42.338971388333334,-71.08817085666666,37.406,3.6,327979.9032449882,4689524.6903028535,184050.2,19,T,5
1676486451.2712295,0,1676486451,20000000,GPS1_Frame,42.338969336666665,-71.08816866,37.535,3.6,327980.0786156171,4689524.458036797,184051.2,19,T,5
1676486452.2590818,0,1676486452,20000000,GPS1_Frame,42.338960721666666,-71.088166905,37.065,3.0,327980.1997032726,4689523.49785597,184052.2,19,T,5
1676486453.2673914,0,1676486453,20000000,GPS1_Frame,42.338959016666664,-71.08816636833333,37.354,3.0,327980.239265452,4689523.307442947,184053.2,19,T,5
1676486454.2619538,0,1676486454,20000000,GPS1_Frame,42.338959966666664,-71.08816747666667,37.765,3.0,327980.1505495073,4689523.415175488,184054.2,19,T,5
1676486455.2765296,0,1676486455,20000000,GPS1_Frame,42.33895893166667,-71.088168005,37.863,3.0,327980.1042020835,4689523.301315466,184055.2,19,T,5
1676486456.2734373,0,1676486456,20000000,GPS1_Frame,42.338960575,-71.088168695,38.326,3.0,327980.0518398674,4689523.485191083,184056.2,19,T,5
1676486457.2693007,0,1676486457,20000000,GPS1_Frame,42.33896171333333,-71.08816912,38.741,19.3,327980.0199317399,4689523.612454165,184057.2,19,T,5
1676486458.285873,0,1676486458,20000000,GPS1_Frame,42.338958506666664,-71.08816987833333,38.631,1.1,327979.94871452625,4689523.257912368,184058.2,19,T,1
1676486459.269746,0,1676486459,20000000,GPS1_Frame,42.33896076333333,-71.088170645,39.157,1.1,327979.8917088887,4689523.510049096,184059.2,19,T,1
1676486460.2732542,0,1676486460,20000000,GPS1_Frame,42.338944338333334,-71.08817178,37.16,19.1,327979.7534157663,4689521.688473835,184100.2,19,T,5
1676486461.266343,0,1676486461,20000000,GPS1_Frame,42.338945355,-71.08817213333333,37.532,3.0,327979.7270798879,4689521.80208177,184101.2,19,T,5
1676486462.2692978,0,1676486462,20000000,GPS1_Frame,42.33894737833333,-71.088171985,38.082,3.0,327979.7448173411,4689522.026457473,184102.2,19,T,5
1676486463.2688172,0,1676486463,20000000,GPS1_Frame,42.33894772166666,-71.08817221333334,38.285,1.1,327979.7269430654,4689522.065043972,184103.2,19,T,1
1676486464.2672331,0,1676486464,20000000,GPS1_Frame,42.338949361666664,-71.08817208666666,38.606,1.1,327979.74185025855,4689522.246897254,184104.2,19,T,1
1676486465.2620132,0,1676486465,20000000,GPS1_Frame,42.33895421333333,-71.08817184833333,39.459,1.2,327979.7747147323,4689522.785155809,184105.2,19,T,1
1676486466.2663808,0,1676486466,20000000,GPS1_Frame,42.338962555,-71.08817235333333,40.779,1.2,327979.75585902564,4689523.712456187,184106.2,19,T,1
1676486467.2711751,0,1676486467,20000000,GPS1_Frame,42.33897464333333,-71.08817358666667,42.58,1.0,327979.68721881136,4689525.057268923,184107.2,19,T,1
1676486468.2671163,0,1676486468,20000000,GPS1_Frame,42.338990876666664,-71.08817494833333,44.966,1.1,327979.6193094511,4689526.86261206,184108.2,19,T,1
1676486469.2648056,0,1676486469,20000000,GPS1_Frame,42.33901249666667,-71.08817753666666,47.841,1.1,327979.4650343034,4689529.268585289,184109.2,19,T,1
1676486470.25839,0,1676486470,20000000,GPS1_Frame,42.33883253333333,-71.08816589333334,23.905,1.1,327979.93348747864,4689509.261468809,184110.2,19,T,1
1676486471.2650251,0,1676486471,20000000,GPS1_Frame,42.338840425,-71.08816617833334,25.399,1.1,327979.9315284981,4689510.1383550055,184111.2,19,T,1
1676486472.264014,0,1676486472,20000000,GPS1_Frame,42.33884912166667,-71.08816656,26.834,1.1,327979.9238011015,4689511.104825902,184112.2,19,T,1
1676486473.2645807,0,1676486473,20000000,GPS1_Frame,42.33882132833333,-71.08816381333334,23.543,1.2,327980.0742869985,4689508.013030687,184113.2,19,T,1
1676486474.2657416,0,1676486474,20000000,GPS1_Frame,42.3387744,-71.08816102,17.385,3.0,327980.1764383416,4689502.796344755,184114.2,19,T,5
1676486475.2667987,0,1676486475,20000000,GPS1_Frame,42.338781553333334,-71.08816144333333,18.483,1.0,327980.16106971464,4689503.591524496,184115.2,19,T,1
1676486476.2904203,0,1676486476,20000000,GPS1_Frame,42.33878663,-71.08816106833333,19.516,1.3,327980.2058065644,4689504.154491093,184116.2,19,T,1
1676486477.2719872,0,1676486477,20000000,GPS1_Frame,42.338796685,-71.08816067666666,21.281,1.4,327980.26549187535,4689505.270230054,184117.2,19,T,1
1676486478.267115,0,1676486478,20000000,GPS1_Frame,42.33881077833333,-71.08816099,23.513,1.7,327980.2781100054,4689506.83582152,184118.2,19,T,1
1676486479.25878,0,1676486479,20000000,GPS1_Frame,42.338829606666664,-71.08816096166667,26.565,2.1,327980.3317872358,4689508.926507537,184119.2,19,T,1
1676486480.2692697,0,1676486480,20000000,GPS1_Frame,42.33885323,-71.08816062,30.289,1.5,327980.4243530165,4689511.549007976,184120.2,19,T,1
1676486481.2683308,0,1676486481,20000000,GPS1_Frame,42.338895095,-71.08816138166667,36.455,1.3,327980.4757674384,4689516.1993390415,184121.2,19,T,1
1676486482.2701974,0,1676486482,20000000,GPS1_Frame,42.33887012,-71.0881576,33.65,3.0,327980.71920392034,4689513.418404437,184122.2,19,T,5
1676486483.2730613,0,1676486483,20000000,GPS1_Frame,42.33885915333333,-71.08815482333333,32.647,3.0,327980.91804610816,4689512.1950220205,184123.2,19,T,5
1676486484.271953,0,1676486484,20000000,GPS1_Frame,42.33886097333333,-71.088152795,33.352,3.0,327981.0901071214,4689512.393015719,184124.2,19,T,5
1676486485.3000731,0,1676486485,20000000,GPS1_Frame,42.338859846666665,-71.08815134166667,33.489,3.0,327981.2067632531,4689512.264967744,184125.2,19,T,5
1676486486.2874115,0,1676486486,20000000,GPS1_Frame,42.33885505333333,-71.08814969666666,33.298,3.0,327981.3292106608,4689511.729376548,184126.2,19,T,5
1676486487.2811368,0,1676486487,20000000,GPS1_Frame,42.33885288333333,-71.08814848833333,33.602,3.0,327981.4228381743,4689511.485969993,184127.2,19,T,5
1676486488.2754807,0,1676486488,20000000,GPS1_Frame,42.33885018666667,-71.08814707,33.718,3.0,327981.53232974524,4689511.183656265,184128.2,19,T,5
1676486489.2701943,0,1676486489,20000000,GPS1_Frame,42.33884512833333,-71.08814595333334,33.449,17.8,327981.6105294367,4689510.6197076915,184129.2,19,T,5
1676486490.2739084,0,1676486490,20000000,GPS1_Frame,42.33883979666667,-71.08814548666666,33.034,0.9,327981.6344355113,4689510.026722525,184130.2,19,T,1
1676486491.2781072,0,1676486491,20000000,GPS1_Frame,42.338836773333334,-71.08814254833334,33.07,0.9,327981.8682569496,4689509.685059891,184131.2,19,T,1
1676486492.2803562,0,1676486492,20000000,GPS1_Frame,42.338830745,-71.08813837,33.056,0.9,327982.19603781163,4689509.007206255,184132.2,19,T,1
1676486493.28034,0,1676486493,20000000,GPS1_Frame,42.338822828333335,-71.08813548833334,32.656,1.0,327982.4118475059,4689508.1222908,184133.2,19,T,1
1676486494.2865272,0,1676486494,20000000,GPS1_Frame,42.338814545,-71.08813283833334,32.016,1.3,327982.60757224995,4689507.197128483,184134.2,19,T,1
1676486495.2670004,0,1676486495,20000000,GPS1_Frame,42.338806176666665,-71.088130035,31.245,1.2,327982.8156971805,4689506.262217368,184135.2,19,T,1
1676486496.279524,0,1676486496,20000000,GPS1_Frame,42.33883062833333,-71.08809577666666,42.626,0.9,327985.70464321575,4689508.908083311,184136.2,19,T,1
1676486497.28283,0,1676486497,20000000,GPS1_Frame,42.338731941666666,-71.087991765,51.975,0.9,327994.0042440861,4689497.739266761,184137.2,19,T,1
1676486498.2887774,0,1676486498,20000000,GPS1_Frame,42.33872870166667,-71.08798788666667,52.322,1.4,327994.3149149772,4689497.371643851,184138.2,19,T,1
1676486499.269588,0,1676486499,20000000,GPS1_Frame,42.338906558333335,-71.08817802166666,35.295,1.1,327979.1361922546,4689517.505919349,184139.2,19,T,1
1676486500.268143,0,1676486500,20000000,GPS1_Frame,42.33890755,-71.08817821,35.277,1.1,327979.1233812056,4689517.616417416,184140.2,19,T,1
1676486501.265844,0,1676486501,20000000,GPS1_Frame,42.33894371,-71.08820006666667,35.285,1.2,327977.4213946397,4689521.675929148,184141.2,19,T,1
1676486502.2823813,0,1676486502,20000000,GPS1_Frame,42.338942255,-71.08820562666666,33.684,1.5,327976.9593838584,4689521.525611017,184142.2,19,T,1
1676486503.2727587,0,1676486503,20000000,GPS1_Frame,42.33913878166667,-71.088506275,-5.809,1.5,327952.72742005193,4689543.956698447,184143.2,19,T,1
1676486504.2785976,0,1676486504,20000000,GPS1_Frame,42.339131161666664,-71.08848778166667,-2.763,1.9,327954.230147831,4689543.073135696,184144.2,19,T,1
1676486505.2761655,0,1676486505,20000000,GPS1_Frame,42.33909834833333,-71.08853537,-18.687,1.5,327950.2202494483,4689539.525755521,184145.2,19,T,1
1676486506.2726498,0,1676486506,20000000,GPS1_Frame,42.339106925,-71.088543265,-19.202,1.3,327949.5932385579,4689540.494104387,184146.2,19,T,1
1676486507.264078,0,1676486507,20000000,GPS1_Frame,42.339097615,-71.08852673166666,-16.646,1.1,327950.9298894396,4689539.426845248,184147.2,19,T,1
1676486508.2743607,0,1676486508,20000000,GPS1_Frame,42.33916922666667,-71.08852745333333,-6.214,1.0,327951.06575104524,4689547.380237449,184148.2,19,T,1
1676486509.269675,0,1676486509,20000000,GPS1_Frame,42.339142781666666,-71.08850553833334,-5.133,1.0,327952.79901730886,4689544.399377495,184149.2,19,T,1
1676486510.268761,0,1676486510,20000000,GPS1_Frame,42.33911895166667,-71.08848880166667,-4.68,1.0,327954.1128176617,4689541.719371764,184150.2,19,T,1
1676486511.2736008,0,1676486511,20000000,GPS1_Frame,42.33893215,-71.08818541666666,36.648,1.0,327978.5967651676,4689520.362640351,184151.2,19,T,1
1676486512.267647,0,1676486512,20000000,GPS1_Frame,42.338922325,-71.08817970833333,36.664,1.0,327979.04023613245,4689519.260100192,184152.2,19,T,1
1676486513.2685106,0,1676486513,20000000,GPS1_Frame,42.33892371666666,-71.08823258666666,24.987,1.0,327974.68781522405,4689519.521613763,184153.2,19,T,1
1676486514.2731318,0,1676486514,20000000,GPS1_Frame,42.33892199666667,-71.08822932333334,25.613,1.0,327974.9519642811,4689519.324018617,184154.2,19,T,1
1676486515.26896,0,1676486515,20000000,GPS1_Frame,42.338911105,-71.08819486,32.017,1.0,327977.76141706994,4689518.044857897,184155.2,19,T,1
1676486516.266938,0,1676486516,20000000,GPS1_Frame,42.338908495,-71.08819886333333,30.848,1.0,327977.42449756095,4689517.763136439,184156.2,19,T,1
1676486517.2665274,0,1676486517,20000000,GPS1_Frame,42.33889088,-71.08814979166667,39.423,1.0,327981.4190798624,4689515.707847852,184157.2,19,T,1
1676486518.2646632,0,1676486518,20000000,GPS1_Frame,42.33896581166667,-71.08825054333333,27.958,1.1,327973.3233057397,4689524.232272969,184158.2,19,T,1
1676486519.2692115,0,1676486519,20000000,GPS1_Frame,42.338974846666666,-71.08825641666667,27.974,1.1,327972.86408867454,4689525.247423857,184159.2,19,T,1
1676486520.2639685,0,1676486520,20000000,GPS1_Frame,42.338881496666666,-71.088231095,19.862,1.1,327974.69556753454,4689514.830385652,184200.2,19,T,1
1676486521.2587578,0,1676486521,20000000,GPS1_Frame,42.33887834,-71.088234185,18.952,1.8,327974.4323991476,4689514.486113342,184201.2,19,T,1
1676486522.258861,0,1676486522,20000000,GPS1_Frame,42.338793205,-71.08815807833334,23.645,1.8,327980.4700582493,4689504.8785458645,184202.2,19,T,1
1676486523.2613418,0,1676486523,20000000,GPS1_Frame,42.338793716666665,-71.08815914333333,23.704,1.8,327980.3837166419,4689504.937517139,184203.2,19,T,1
1676486524.2513225,0,1676486523,20000000,GPS1_Frame,42.338793716666665,-71.08815914333333,23.704,1.8,327980.3837166419,4689504.937517139,184203.2,19,T,1
1676486525.2539294,0,1676486523,20000000,GPS1_Frame,42.338793716666665,-71.08815914333333,23.704,1.8,327980.3837166419,4689504.937517139,184203.2,19,T,1
1676486526.2555141,0,1676486523,20000000,GPS1_Frame,42.338793716666665,-71.08815914333333,23.704,1.8,327980.3837166419,4689504.937517139,184203.2,19,T,1
1676486527.2607856,0,1676486527,20000000,GPS1_Frame,42.338802118333334,-71.08820639166666,15.133,1.3,327976.51421368215,4689505.966046622,184207.2,19,T,1
1676486528.261345,0,1676486528,20000000,GPS1_Frame,42.338807126666666,-71.08820910166666,15.431,1.7,327976.30461594695,4689506.527666654,184208.2,19,T,1
1676486529.263265,0,1676486529,20000000,GPS1_Frame,42.33881113333333,-71.08821070666667,15.833,1.2,327976.18331886077,4689506.975823663,184209.2,19,T,1
1676486530.2576394,0,1676486530,20000000,GPS1_Frame,42.33877580666667,-71.088207765,11.418,1.7,327976.32932471705,4689503.047114417,184210.2,19,T,1
1676486531.2695684,0,1676486531,20000000,GPS1_Frame,42.33876773,-71.08820286333334,11.484,1.4,327976.71110940014,4689502.14034528,184211.2,19,T,1
1676486532.2655282,0,1676486532,20000000,GPS1_Frame,42.33875897833333,-71.08819718166667,11.612,1.4,327977.1553115235,4689501.157044516,184212.2,19,T,1
1676486533.2631168,0,1676486533,20000000,GPS1_Frame,42.33870737666667,-71.08819175666666,5.239,1.4,327977.46151964995,4689495.41609623,184213.2,19,T,1
1676486534.2650294,0,1676486534,20000000,GPS1_Frame,42.33869877666667,-71.08818834166667,4.921,1.6,327977.71940305736,4689494.454222679,184214.2,19,T,1
1676486535.2632725,0,1676486535,20000000,GPS1_Frame,42.33869148833333,-71.08818577,4.478,1.5,327977.91138773615,4689493.639705907,184215.2,19,T,1
1676486536.267291,0,1676486536,20000000,GPS1_Frame,42.338733833333336,-71.088191585,9.722,1.1,327977.5478076516,4689498.353560678,184216.2,19,T,1
1676486537.271197,0,1676486537,20000000,GPS1_Frame,42.33840620833333,-71.08817697833334,-35.814,15.9,327977.8577310076,4689461.943744623,184217.2,19,T,5
1676486538.2693713,0,1676486538,20000000,GPS1_Frame,42.338526896666664,-71.08818587333333,-19.71,15.9,327977.4540455616,4689475.363261684,184218.2,19,T,5
1676486539.265969,0,1676486539,20000000,GPS1_Frame,42.33849984,-71.08818577,-23.512,15.9,327977.38877701043,4689472.358615539,184219.2,19,T,5
1676486540.2630236,0,1676486540,20000000,GPS1_Frame,42.3384957,-71.088184125,-23.641,1.4,327977.5130066563,4689471.895572016,184220.2,19,T,1
1676486541.2659314,0,1676486541,20000000,GPS1_Frame,42.338506591666665,-71.08818469,-22.073,1.4,327977.496161277,4689473.106151829,184221.2,19,T,1
1676486542.2672331,0,1676486542,20000000,GPS1_Frame,42.33853539166667,-71.08818826333334,-18.526,1.4,327977.2803168874,4689476.311402062,184222.2,19,T,1
1676486543.2687173,0,1676486543,20000000,GPS1_Frame,42.33856217,-71.08819014,-14.922,1.4,327977.19873523514,4689479.288729067,184223.2,19,T,1
1676486544.2637818,0,1676486544,20000000,GPS1_Frame,42.338757011666665,-71.08821110666666,9.443,1.4,327976.0027779734,4689500.966833124,184224.2,19,T,1
1676486545.2682912,0,1676486545,20000000,GPS1_Frame,42.33870604166667,-71.08820670666667,2.918,1.4,327976.22626599926,4689495.298100247,184225.2,19,T,1
1676486546.266013,0,1676486546,20000000,GPS1_Frame,42.33873558166667,-71.08821000833333,6.713,1.4,327976.0348221031,4689498.584972423,184226.2,19,T,1
1676486547.26863,0,1676486547,20000000,GPS1_Frame,42.33872498,-71.08820738666667,5.817,1.4,327976.2218902143,4689497.402433948,184227.2,19,T,1
1676486548.2677617,0,1676486548,20000000,GPS1_Frame,42.33872525333334,-71.08820698333334,5.986,1.7,327976.25586304226,4689497.431969544,184228.2,19,T,1
1676486549.2674975,0,1676486549,20000000,GPS1_Frame,42.338727543333334,-71.088210945,5.51,1.4,327975.93573726295,4689497.694271597,184229.2,19,T,1
1676486550.2674098,0,1676486550,20000000,GPS1_Frame,42.33869881333333,-71.08821421166667,0.477,1.4,327975.58827650844,4689494.510632357,184230.2,19,T,1
1676486551.268915,0,1676486551,20000000,GPS1_Frame,42.338650558333335,-71.08821233666667,-6.306,1.4,327975.61115339526,4689489.148488032,184231.2,19,T,1
1676486552.2678423,0,1676486552,20000000,GPS1_Frame,42.33892745666667,-71.08822830666666,31.616,1.4,327975.05060859455,4689519.928253269,184232.2,19,T,1
1676486553.2801304,0,1676486553,20000000,GPS1_Frame,42.33892765833333,-71.08822899666667,31.557,1.4,327974.99431505235,4689519.952042794,184233.2,19,T,1
1676486554.2651095,0,1676486554,20000000,GPS1_Frame,42.338929246666666,-71.08823097833333,31.381,1.5,327974.8353930515,4689520.132424351,184234.2,19,T,1
1676486555.2625282,0,1676486555,20000000,GPS1_Frame,42.33887954,-71.0882275,24.72,1.8,327974.9863947286,4689514.605839466,184235.2,19,T,1
1676486556.2747478,0,1676486556,20000000,GPS1_Frame,42.33887796,-71.08822754,24.613,1.8,327974.978790797,4689514.430473395,184236.2,19,T,1
1676486557.267778,0,1676486557,20000000,GPS1_Frame,42.33887640166667,-71.08822755833333,24.5,1.4,327974.9730308971,4689514.257469409,184237.2,19,T,1
1676486558.2695014,0,1676486558,20000000,GPS1_Frame,42.33881779166666,-71.08821981333334,17.622,1.4,327975.4512504573,4689507.733604998,184238.2,19,T,1
1676486559.271512,0,1676486559,20000000,GPS1_Frame,42.33852769,-71.08819761333334,-20.637,15.2,327976.48903971096,4689475.475106629,184239.2,19,T,5
1676486560.269814,0,1676486560,20000000,GPS1_Frame,42.33844376166667,-71.08818671833333,-30.706,15.2,327977.157729874,4689466.133461664,184240.2,19,T,5
1676486561.269396,0,1676486561,20000000,GPS1_Frame,42.33835609,-71.088177595,-41.702,15.1,327977.6702605783,4689456.379732501,184241.2,19,T,5
1676486562.268458,0,1676486562,20000000,GPS1_Frame,42.33838533666667,-71.08817492333333,-36.687,15.1,327977.9701121739,4689459.621947336,184242.2,19,T,5
1676486563.2698715,0,1676486563,20000000,GPS1_Frame,42.33830347833333,-71.08816871333333,-47.314,15.1,327978.25848927634,4689450.519638735,184243.2,19,T,5
1676486564.2737825,0,1676486564,20000000,GPS1_Frame,42.338199108333335,-71.08815805333333,-60.682,1.4,327978.85208509245,4689438.908578313,184244.2,19,T,1
1676486565.2736049,0,1676486565,20000000,GPS1_Frame,42.33816026833333,-71.08814139833333,-64.786,1.4,327980.1182601955,4689434.561997705,184245.2,19,T,1
1676486566.2830122,0,1676486566,20000000,GPS1_Frame,42.33812696,-71.08811816166667,-68.702,1.4,327981.941737782,4689430.816351913,184246.2,19,T,1
1676486567.2863214,0,1676486567,20000000,GPS1_Frame,42.33800930333334,-71.08816206666667,-79.427,14.9,327978.00388209295,4689417.840296984,184247.2,19,T,5
1676486568.2732487,0,1676486568,20000000,GPS1_Frame,42.33799882833333,-71.08812356666667,-82.179,14.9,327981.1470666637,4689416.599240207,184248.2,19,T,5
1676486569.3047938,0,1676486569,20000000,GPS1_Frame,42.337953175,-71.08810451333333,-87.753,14.9,327982.59225198673,4689411.491239647,184249.2,19,T,5
1676486570.2719007,0,1676486570,20000000,GPS1_Frame,42.33790503666667,-71.08809953833334,-93.423,1.5,327982.8708455573,4689406.135779762,184250.2,19,T,1
1676486571.2703824,0,1676486571,20000000,GPS1_Frame,42.337861141666664,-71.08809018666666,-99.495,14.8,327983.52157451515,4689401.242655755,184251.2,19,T,5
1676486572.2843537,0,1676486572,20000000,GPS1_Frame,42.33778194666667,-71.08807294666667,-109.401,14.8,327984.7259179001,4689392.4137777,184252.2,19,T,5
1676486573.2923129,0,1676486573,20000000,GPS1_Frame,42.33775702333333,-71.08805458833334,-112.195,14.8,327986.1703803716,4689389.609092829,184253.2,19,T,5
1676486574.3040333,0,1676486574,20000000,GPS1_Frame,42.337717006666665,-71.08803182,-118.04,14.7,327987.9370003074,4689385.119487407,184254.2,19,T,5
1676486575.2667615,0,1676486575,20000000,GPS1_Frame,42.337693345,-71.08801580666666,-121.404,1.5,327989.19171663595,4689382.45964556,184255.2,19,T,1
1676486576.27785,0,1676486576,20000000,GPS1_Frame,42.3376855,-71.08800712833333,-122.403,1.5,327989.885277373,4689381.570962425,184256.2,19,T,1
1676486577.2989905,0,1676486577,20000000,GPS1_Frame,42.33762734166667,-71.08799962166667,-129.277,1.3,327990.3451263279,4689375.097737264,184257.2,19,T,1
1676486578.2986834,0,1676486578,20000000,GPS1_Frame,42.33755838333333,-71.08799102833333,-138.3,1.3,327990.86505269294,4689367.423056304,184258.2,19,T,1
1676486579.3001437,0,1676486579,20000000,GPS1_Frame,42.337525115,-71.08798457333333,-143.203,1.3,327991.3061294955,4689363.715803595,184259.2,19,T,1
1676486580.303573,0,1676486580,20000000,GPS1_Frame,42.337523615,-71.08798196166667,-143.999,1.3,327991.5171983435,4689363.543956886,184300.2,19,T,1
1676486581.2927582,0,1676486581,20000000,GPS1_Frame,42.338806158333334,-71.08804274166667,29.009,1.3,327990.0070484363,4689506.083586338,184301.2,19,T,1
1676486582.2977653,0,1676486582,20000000,GPS1_Frame,42.33880825166667,-71.08803795166666,28.888,1.3,327990.40736630274,4689506.306345092,184302.2,19,T,1
1676486583.2935853,0,1676486583,20000000,GPS1_Frame,42.33881289166667,-71.088033215,28.528,1.3,327990.81023452367,4689506.811999737,184303.2,19,T,1
1676486584.2706478,0,1676486584,20000000,GPS1_Frame,42.33868912,-71.08805639833334,13.147,1.1,327988.56284867646,4689493.114996112,184304.2,19,T,1
1676486585.2726285,0,1676486585,20000000,GPS1_Frame,42.338717863333336,-71.08797563,10.484,1.1,327995.29509276355,4689496.143335221,184305.2,19,T,1
1676486586.2700477,0,1676486586,20000000,GPS1_Frame,42.338705663333336,-71.088003,11.214,1.2,327993.0070280436,4689494.843985147,184306.2,19,T,1
1676486587.2714763,0,1676486587,20000000,GPS1_Frame,42.338946826666664,-71.08812109666667,23.592,1.2,327983.93558740837,4689521.862248476,184307.2,19,T,1
1676486588.2741516,0,1676486588,20000000,GPS1_Frame,42.338948286666664,-71.088121425,23.3,1.2,327983.9125199198,4689522.025034617,184308.2,19,T,1
1676486589.2706358,0,1676486589,20000000,GPS1_Frame,42.33885382333333,-71.08812536166667,7.532,1.4,327983.3306215615,4689511.54356324,184309.2,19,T,1
1676486590.2668073,0,1676486590,20000000,GPS1_Frame,42.33884658666667,-71.08812449666667,7.149,1.1,327983.38214858907,4689510.738236462,184310.2,19,T,1
1676486591.3060856,0,1676486591,20000000,GPS1_Frame,42.33876128833333,-71.08819542666667,25.26,1.0,327977.30619132705,4689501.410001893,184311.2,19,T,1
1676486592.2738516,0,1676486592,20000000,GPS1_Frame,42.338736948333334,-71.08820418833334,29.134,1.0,327976.5180128461,4689498.724955774,184312.2,19,T,1
1676486593.2743309,0,1676486593,20000000,GPS1_Frame,42.338847711666666,-71.08815231666667,43.044,1.1,327981.09334997705,4689510.919440703,184313.2,19,T,1
1676486594.269472,0,1676486594,20000000,GPS1_Frame,42.33883530166667,-71.088141445,43.656,1.1,327981.9551386766,4689509.519410378,184314.2,19,T,1
1676486595.269492,0,1676486595,20000000,GPS1_Frame,42.33881106,-71.08813366666666,45.312,1.1,327982.5298293469,4689506.81182148,184315.2,19,T,1
1676486596.281741,0,1676486596,20000000,GPS1_Frame,42.33889694,-71.088133875,57.088,1.1,327982.74685013085,4689516.348564372,184316.2,19,T,1
1676486597.2739053,0,1676486597,20000000,GPS1_Frame,42.33889719333333,-71.088131905,57.295,1.1,327982.9098332868,4689516.372709695,184317.2,19,T,1
1676486598.2725444,0,1676486598,20000000,GPS1_Frame,42.339054375,-71.08828447166667,44.292,1.1,327970.76974707993,4689534.1352018295,184318.2,19,T,1
1676486599.265304,0,1676486599,20000000,GPS1_Frame,42.33905665333333,-71.08827630166667,44.333,1.1,327971.4490187206,4689534.371663904,184319.2,19,T,1
1676486600.2692957,0,1676486600,20000000,GPS1_Frame,42.33907274166667,-71.08827657666667,45.191,1.1,327971.47023774835,4689536.158707523,184320.2,19,T,1
1676486601.271079,0,1676486601,20000000,GPS1_Frame,42.339072335,-71.08827557833334,45.455,1.1,327971.5513731124,4689536.111530455,184321.2,19,T,1
1676486602.270285,0,1676486602,20000000,GPS1_Frame,42.33905383333333,-71.08829541166666,38.293,1.1,327969.8670141299,4689534.097187764,184322.2,19,T,1
1676486603.2686343,0,1676486603,20000000,GPS1_Frame,42.33905141,-71.08829321333333,38.571,1.1,327970.0415079165,4689533.823647305,184323.2,19,T,1
1676486604.2706008,0,1676486604,20000000,GPS1_Frame,42.33902952,-71.08833668,25.89,1.1,327966.40095271106,4689531.4808722325,184324.2,19,T,1
1676486605.2741764,0,1676486605,20000000,GPS1_Frame,42.33903039166667,-71.08833926333334,26.044,1.1,327966.1905104056,4689531.582890939,184325.2,19,T,1
1676486606.271818,0,1676486606,20000000,GPS1_Frame,42.33901216666667,-71.08831626,37.825,1.1,327968.035863054,4689529.512601718,184326.2,19,T,1
1676486607.2725215,0,1676486607,20000000,GPS1_Frame,42.339024716666664,-71.0883015,37.163,1.1,327969.28604282194,4689530.8763210755,184327.2,19,T,1
1676486608.2673588,0,1676486608,20000000,GPS1_Frame,42.339038378333335,-71.08831369333333,32.573,1.1,327968.3187917916,4689532.41801527,184328.2,19,T,1
1676486609.2735271,0,1676486609,20000000,GPS1_Frame,42.33903557,-71.08831587,32.37,1.1,327968.13181558944,4689532.110575084,184329.2,19,T,1
1676486610.2729356,0,1676486610,20000000,GPS1_Frame,42.339041851666664,-71.08828392,39.808,1.1,327970.7810422153,4689532.743464638,184330.2,19,T,1
1676486611.2767997,0,1676486611,20000000,GPS1_Frame,42.339047585,-71.08827240666666,41.125,1.1,327971.7451655083,4689533.356814019,184331.2,19,T,1
1676486612.270949,0,1676486612,20000000,GPS1_Frame,42.33907089,-71.088255005,48.174,1.1,327973.24229818326,4689535.909450521,184332.2,19,T,1
1676486613.2707043,0,1676486613,20000000,GPS1_Frame,42.339076903333336,-71.08825064666667,48.561,1.1,327973.61774356023,4689536.568367859,184333.2,19,T,1
1676486614.2694938,0,1676486614,20000000,GPS1_Frame,42.339080528333334,-71.08837414666667,20.863,1.4,327963.4534935859,4689537.220765565,184334.2,19,T,1
1676486615.273099,0,1676486615,20000000,GPS1_Frame,42.339081795,-71.088369755,21.989,1.4,327963.8187408373,4689537.35253367,184335.2,19,T,1
1676486616.2676497,0,1676486616,20000000,GPS1_Frame,42.33908804833333,-71.08837074666667,22.097,1.4,327963.75409973564,4689538.048925281,184336.2,19,T,1
1676486617.2744942,0,1676486617,20000000,GPS1_Frame,42.33908998333333,-71.088406385,13.128,1.1,327960.8234320859,4689538.335899541,184337.2,19,T,1
1676486618.276931,0,1676486618,20000000,GPS1_Frame,42.339116405,-71.08844118666667,7.702,1.1,327958.0284727373,4689541.340240578,184338.2,19,T,1
1676486619.2785528,0,1676486619,20000000,GPS1_Frame,42.339117535,-71.088439285,7.299,1.0,327958.188216945,4689541.461870753,184339.2,19,T,1
1676486620.2738183,0,1676486620,20000000,GPS1_Frame,42.339106045,-71.08844636,9.269,1.4,327957.5740304132,4689540.200308742,184340.2,19,T,1
1676486621.280511,0,1676486621,20000000,GPS1_Frame,42.33909628166667,-71.08843141,9.532,1.4,327958.7790085189,4689539.085915569,184341.2,19,T,1
1676486622.2738948,0,1676486622,20000000,GPS1_Frame,42.339068731666664,-71.08860942666666,25.446,1.1,327944.0385600574,4689536.386901928,184342.2,19,T,1
1676486623.2770123,0,1676486623,20000000,GPS1_Frame,42.33933407166667,-71.08868379166667,-18.757,1.1,327938.6359899761,4689566.001376854,184343.2,19,T,1
1676486624.2791798,0,1676486624,20000000,GPS1_Frame,42.33930844333333,-71.08864384666667,-13.989,1.1,327941.85680948326,4689563.074713261,184344.2,19,T,1
1676486625.2846017,0,1676486625,20000000,GPS1_Frame,42.33927591,-71.088665105,-17.973,1.0,327940.01678135886,4689559.505151046,184345.2,19,T,1
1676486626.2703223,0,1676486626,20000000,GPS1_Frame,42.33926203666667,-71.08865092,-15.328,1.1,327941.14752118697,4689557.935918357,184346.2,19,T,1
1676486627.2803545,0,1676486627,20000000,GPS1_Frame,42.33926255666667,-71.08865165666667,-15.516,1.1,327941.08825186896,4689557.9951511,184347.2,19,T,1
1676486628.2771783,0,1676486628,20000000,GPS1_Frame,42.33911151666667,-71.08834120166667,15.893,1.1,327966.2520674976,4689540.595127898,184348.2,19,T,1
1676486629.27351,0,1676486629,20000000,GPS1_Frame,42.33909804166667,-71.08837914666667,16.821,1.1,327963.08934770315,4689539.175604716,184349.2,19,T,1
1676486630.2770445,0,1676486630,20000000,GPS1_Frame,42.33908750166667,-71.08839243333334,18.034,1.1,327961.9660253774,4689538.032100682,184350.2,19,T,1
1676486631.2755814,0,1676486631,20000000,GPS1_Frame,42.33908391166667,-71.088404125,18.148,1.4,327960.9930557484,4689537.657114355,184351.2,19,T,1
1676486632.2732916,0,1676486632,20000000,GPS1_Frame,42.33875942666667,-71.08830747333333,-7.655,1.4,327968.07047684025,4689501.429967345,184352.2,19,T,1
1676486633.2730544,0,1676486633,20000000,GPS1_Frame,42.33876397666667,-71.08830058,-6.325,1.4,327968.65077223413,4689501.9212635355,184353.2,19,T,1
1676486634.272117,0,1676486634,20000000,GPS1_Frame,42.33853495,-71.08827284166667,-36.639,1.4,327970.3113483873,4689476.433472792,184354.2,19,T,1
1676486635.2760355,0,1676486635,20000000,GPS1_Frame,42.33853185833333,-71.08825330166667,-36.144,1.4,327971.9126690229,4689476.050633795,184355.2,19,T,1
1676486636.2688544,0,1676486636,20000000,GPS1_Frame,42.338399773333336,-71.088078375,-19.594,1.4,327985.9633776949,4689461.029707644,184356.2,19,T,1
1676486637.2722375,0,1676486637,20000000,GPS1_Frame,42.338375535,-71.08804739166666,-17.019,1.4,327988.44977229915,4689458.27554632,184357.2,19,T,1
1676486638.2730181,0,1676486638,20000000,GPS1_Frame,42.33837965,-71.08805140333334,-17.004,1.4,327988.1305013606,4689458.740601252,184358.2,19,T,1
1676486639.27026,0,1676486639,20000000,GPS1_Frame,42.338261535,-71.08801247666666,-35.863,1.4,327991.0153181999,4689445.546082325,184359.2,19,T,1
1676486640.2921457,0,1676486640,20000000,GPS1_Frame,42.3382465,-71.08799770333333,-34.564,1.2,327992.19139041705,4689443.846674609,184400.2,19,T,1
1676486641.2902758,0,1676486641,20000000,GPS1_Frame,42.338212516666665,-71.08805994333333,-31.755,1.2,327986.97122411727,4689440.198992461,184401.2,19,T,1
1676486642.2729526,0,1676486642,20000000,GPS1_Frame,42.33848836833333,-71.08820847666667,-20.63,1.4,327975.4868641482,4689471.130712385,184402.2,19,T,1
1676486643.2681158,0,1676486643,20000000,GPS1_Frame,42.33848802166667,-71.088210935,-20.654,1.4,327975.28339531494,4689471.097191211,184403.2,19,T,1
1676486644.2652493,0,1676486644,20000000,GPS1_Frame,42.33818377,-71.08812062333334,-45.47,1.4,327981.8938490035,4689437.129650099,184404.2,19,T,1
1676486645.26798,0,1676486645,20000000,GPS1_Frame,42.33819190166667,-71.08812444333333,-45.572,2.0,327981.60132019734,4689438.040337816,184405.2,19,T,1
1676486646.2674937,0,1676486646,20000000,GPS1_Frame,42.33837918333333,-71.08841195,-82.733,2.0,327958.4264641964,4689459.418220624,184406.2,19,T,1
1676486647.262275,0,1676486646,20000000,GPS1_Frame,42.33837918333333,-71.08841195,-82.733,2.0,327958.4264641964,4689459.418220624,184406.2,19,T,1
1676486648.276628,0,1676486648,20000000,GPS1_Frame,42.33892316166666,-71.08845757166667,-13.488,1.1,327956.15161678835,4689519.915188671,184408.2,19,T,1
1676486649.2712388,0,1676486649,20000000,GPS1_Frame,42.338948105,-71.08835913833333,-3.037,1.1,327964.3287635681,4689522.485793979,184409.2,19,T,1
1676486650.264846,0,1676486650,20000000,GPS1_Frame,42.33896059833334,-71.08835202833333,14.293,1.2,327964.9485697699,4689523.858698291,184410.2,19,T,1
1676486651.268934,0,1676486651,20000000,GPS1_Frame,42.338933,-71.08835597,-1.36,1.2,327964.5485828445,4689520.802088058,184411.2,19,T,1
1676486652.2683268,0,1676486652,20000000,GPS1_Frame,42.33892445,-71.08836868666667,-5.347,1.2,327963.477642823,4689519.878404856,184412.2,19,T,1
1676486653.271712,0,1676486653,20000000,GPS1_Frame,42.338917296666665,-71.088384565,-6.187,1.1,327962.15004747326,4689519.116208028,184413.2,19,T,1
1676486654.2752628,0,1676486654,20000000,GPS1_Frame,42.33890284666667,-71.08834901333333,0.675,1.1,327965.0394531232,4689517.439714237,184414.2,19,T,1
1676486655.2696064,0,1676486655,20000000,GPS1_Frame,42.338902311666665,-71.08835036666666,0.448,1.3,327964.926503927,4689517.383044704,184415.2,19,T,1
1676486656.279503,0,1676486656,20000000,GPS1_Frame,42.338907266666666,-71.08822544,26.881,1.2,327975.23171192105,4689517.680507466,184416.2,19,T,1
1676486657.2673216,0,1676486657,20000000,GPS1_Frame,42.33887565166667,-71.08818729333333,29.884,1.4,327978.2880941051,4689514.0927263815,184417.2,19,T,1
1676486658.2646875,0,1676486658,20000000,GPS1_Frame,42.338874435,-71.08819296833333,30.151,2.1,327977.8172588595,4689513.969105943,184418.2,19,T,1
1676486659.2666674,0,1676486659,20000000,GPS1_Frame,42.338205396666666,-71.08817909166666,-67.251,2.1,327977.13603559544,4689439.649412222,184419.2,19,T,1
1676486660.2662303,0,1676486660,20000000,GPS1_Frame,42.33820991666666,-71.08817967666667,-67.683,2.1,327977.10016722744,4689440.152507339,184420.2,19,T,1
1676486661.2637198,0,1676486661,20000000,GPS1_Frame,42.338246545,-71.08811242166666,-60.899,2.1,327982.74070102687,4689444.083743898,184421.2,19,T,1
1676486662.2795386,0,1676486661,20000000,GPS1_Frame,42.338246545,-71.08811242166666,-60.899,2.1,327982.74070102687,4689444.083743898,184421.2,19,T,1
1676486663.2721527,0,1676486663,20000000,GPS1_Frame,42.3389396,-71.08821694833334,30.781,1.7,327976.01944393525,4689521.253698658,184423.2,19,T,1
1676486664.27288,0,1676486664,20000000,GPS1_Frame,42.33894432333334,-71.08819994833334,29.037,1.7,327977.43281569605,4689521.743795751,184424.2,19,T,1
1676486665.2658935,0,1676486665,20000000,GPS1_Frame,42.33854062,-71.08816078333334,-18.673,2.1,327979.55844166176,4689476.836374119,184425.2,19,T,1
1676486666.2707133,0,1676486666,20000000,GPS1_Frame,42.33851292333333,-71.08814501,-16.323,1.6,327980.782361055,4689473.728959301,184426.2,19,T,1
1676486667.2715,0,1676486667,20000000,GPS1_Frame,42.338500026666665,-71.08814864833333,-15.301,1.6,327980.4474588416,4689472.304243129,184427.2,19,T,1
1676486668.2873456,0,1676486668,20000000,GPS1_Frame,42.33908701833333,-71.08848243666667,0.859,1.2,327954.5500835816,4689538.160538606,184428.2,19,T,1
1676486669.2705305,0,1676486669,20000000,GPS1_Frame,42.33908012,-71.08848551333334,1.836,1.1,327954.2778085645,4689537.400756384,184429.2,19,T,1
1676486670.2715425,0,1676486670,20000000,GPS1_Frame,42.338849785,-71.08815504666667,38.487,1.1,327980.8741009737,4689511.15519161,184430.2,19,T,1
1676486671.2819014,0,1676486671,20000000,GPS1_Frame,42.338849083333336,-71.088154795,38.263,1.2,327980.8929203957,4689511.076767716,184431.2,19,T,1
1676486672.2793465,0,1676486672,20000000,GPS1_Frame,42.338910755,-71.08814383166667,49.816,1.2,327981.9642729248,4689517.902758106,184432.2,19,T,1
1676486673.2688391,0,1676486672,20000000,GPS1_Frame,42.338910755,-71.08814383166667,49.816,1.2,327981.9642729248,4689517.902758106,184432.2,19,T,1
1676486674.2662387,0,1676486674,20000000,GPS1_Frame,42.338920013333336,-71.08813052,53.675,1.7,327983.08615938865,4689518.903895384,184434.2,19,T,1
1676486675.2689016,0,1676486675,20000000,GPS1_Frame,42.338761786666666,-71.08812733833334,29.716,1.7,327982.9168087601,4689501.327589735,184435.2,19,T,1
1676486676.263227,0,1676486676,20000000,GPS1_Frame,42.33875438166667,-71.08812136,30.483,1.7,327983.3891239682,4689500.493226323,184436.2,19,T,1
1676486677.266241,0,1676486677,20000000,GPS1_Frame,42.33874599,-71.08811373,31.353,1.7,327983.99481658085,4689499.545959731,184437.2,19,T,1
1676486678.2682097,0,1676486678,20000000,GPS1_Frame,42.338552056666664,-71.08811221333333,2.996,1.7,327983.59093911975,4689478.008069136,184438.2,19,T,1
1676486679.2692175,0,1676486679,20000000,GPS1_Frame,42.33854988833333,-71.08811271333333,3.227,1.7,327983.54383527045,4689477.768303723,184439.2,19,T,1
1676486680.2746103,0,1676486680,20000000,GPS1_Frame,42.33854668833333,-71.08811122166667,3.55,1.2,327983.6579964453,4689477.409950366,184440.2,19,T,1
1676486681.2662146,0,1676486681,20000000,GPS1_Frame,42.338781225,-71.08812322666667,36.143,1.2,327983.30854188604,4689503.477750822,184441.2,19,T,1
1676486682.2700567,0,1676486682,20000000,GPS1_Frame,42.338780811666666,-71.08812291833334,36.223,1.1,327983.3328159217,4689503.431229525,184442.2,19,T,1
1676486683.274189,0,1676486683,20000000,GPS1_Frame,42.33893423666667,-71.088050105,75.093,1.2,327989.7496813651,4689520.320607795,184443.2,19,T,1
1676486684.2822876,0,1676486684,20000000,GPS1_Frame,42.338933518333334,-71.088054565,74.909,1.2,327989.3802995662,4689520.249864818,184444.2,19,T,1
1676486685.281687,0,1676486685,20000000,GPS1_Frame,42.33889556,-71.08806830166667,67.254,1.2,327988.145143133,4689516.062669399,184445.2,19,T,1
1676486686.2728453,0,1676486686,20000000,GPS1_Frame,42.338894096666664,-71.088070755,67.398,1.2,327987.93904265785,4689515.90514043,184446.2,19,T,1
1676486687.2701263,0,1676486687,20000000,GPS1_Frame,42.33892522,-71.08800892666666,85.846,1.2,327993.1174429443,4689519.236073545,184447.2,19,T,1
1676486688.2793896,0,1676486688,20000000,GPS1_Frame,42.33892674166667,-71.08801224833333,85.788,1.2,327992.847947,4689519.411762589,184448.2,19,T,1
1676486689.2739065,0,1676486689,20000000,GPS1_Frame,42.338933825,-71.08797560666666,95.353,1.2,327995.88586967415,4689520.124189744,184449.2,19,T,1
1676486690.2743118,0,1676486690,20000000,GPS1_Frame,42.33893299333333,-71.08797827666666,95.448,1.2,327995.6636424413,4689520.037240635,184450.2,19,T,1
1676486691.278428,0,1676486691,20000000,GPS1_Frame,42.338879213333335,-71.088004725,82.141,1.2,327993.3381374716,4689514.118883113,184451.2,19,T,1
1676486692.2616673,0,1676486692,20000000,GPS1_Frame,42.33888221833333,-71.088004405,82.713,1.2,327993.37269343424,4689514.451918189,184452.2,19,T,1
1676486693.2676525,0,1676486693,20000000,GPS1_Frame,42.33889880833333,-71.08798510166666,89.091,1.2,327995.00817472313,4689516.255062498,184453.2,19,T,1
1676486694.2838547,0,1676486694,20000000,GPS1_Frame,42.338895093333335,-71.08798596166666,88.194,1.2,327994.9271966725,4689515.844279683,184454.2,19,T,1
1676486695.2715151,0,1676486695,20000000,GPS1_Frame,42.33886760833333,-71.08802686333334,74.92,1.2,327991.4826952176,4689512.875020607,184455.2,19,T,1
1676486696.2701461,0,1676486696,20000000,GPS1_Frame,42.338869896666665,-71.08802611,75.077,1.2,327991.5509959472,4689513.127598677,184456.2,19,T,1
1676486697.266895,0,1676486697,20000000,GPS1_Frame,42.33885005166667,-71.08811028166667,53.51,1.2,327984.5626567728,4689511.094240868,184457.2,19,T,1
1676486698.288121,0,1676486698,20000000,GPS1_Frame,42.33884328166667,-71.088103335,53.292,1.2,327985.1164761721,4689510.3284305,184458.2,19,T,1
1676486699.2705169,0,1676486699,20000000,GPS1_Frame,42.33888309333334,-71.08855771,-38.423,3.0,327947.7927500925,4689515.668526377,184459.2,19,T,5
1676486700.2744305,0,1676486700,20000000,GPS1_Frame,42.33889122,-71.088597515,-46.559,3.0,327944.53570295323,4689516.651475868,184500.2,19,T,5
1676486701.2680442,0,1676486701,20000000,GPS1_Frame,42.338890508333336,-71.08859097,-45.84,1.2,327945.0729515197,4689516.559206866,184501.2,19,T,1
1676486702.2664428,0,1676486702,20000000,GPS1_Frame,42.338889226666666,-71.08858020833334,-43.939,1.2,327945.9560225214,4689516.395111345,184502.2,19,T,1
1676486703.2897494,0,1676486703,20000000,GPS1_Frame,42.338889515,-71.08857274166667,-42.68,1.1,327946.5719272367,4689516.4120198805,184503.2,19,T,1
1676486704.2778563,0,1676486704,20000000,GPS1_Frame,42.338565055,-71.08831848666667,-25.809,1.2,327966.6331040357,4689479.86875362,184504.2,19,T,1
1676486705.2734838,0,1676486705,20000000,GPS1_Frame,42.33837103,-71.08819971166666,-38.478,1.2,327975.8889722076,4689458.083450217,184505.2,19,T,1
1676486706.2774472,0,1676486706,20000000,GPS1_Frame,42.33817222,-71.088112765,-63.54,1.2,327982.509746148,4689435.831212815,184506.2,19,T,1
1676486707.2901635,0,1676486707,20000000,GPS1_Frame,42.33802025666667,-71.08804856666667,-80.888,11.6,327987.3842263768,4689418.826968183,184507.2,19,T,5
1676486708.2732677,0,1676486708,20000000,GPS1_Frame,42.3381046,-71.08807239333333,-64.423,11.6,327985.6512960604,4689428.240854142,184508.2,19,T,5
1676486709.2671983,0,1676486709,20000000,GPS1_Frame,42.33802033,-71.08804556333334,-74.131,11.6,327987.6318500935,4689418.829035648,184509.2,19,T,5
1676486710.2664368,0,1676486710,20000000,GPS1_Frame,42.338010671666666,-71.08803884666666,-74.975,11.6,327988.1588541636,4689417.742963708,184510.2,19,T,5
1676486711.280934,0,1676486711,20000000,GPS1_Frame,42.338041948333334,-71.08803643333333,-67.739,11.6,327988.4429540481,4689421.211117351,184511.2,19,T,5
1676486712.2741094,0,1676486712,20000000,GPS1_Frame,42.33806655666667,-71.08803818666667,-63.219,1.2,327988.3656087952,4689423.947232348,184512.2,19,T,1
1676486713.2642908,0,1676486713,20000000,GPS1_Frame,42.33806384333333,-71.08803363,-63.267,1.2,327988.7336021663,4689423.636719399,184513.2,19,T,1
1676486714.2765498,0,1676486714,20000000,GPS1_Frame,42.338071885,-71.08803090166667,-62.34,1.2,327988.980297603,4689424.524165979,184514.2,19,T,1
1676486715.2691894,0,1676486715,20000000,GPS1_Frame,42.338094355,-71.088031495,-59.609,1.2,327988.9926859117,4689427.020488712,184515.2,19,T,1
1676486716.2761843,0,1676486716,20000000,GPS1_Frame,42.33812141833333,-71.08803208333333,-56.159,1.2,327989.018010837,4689430.026856043,184516.2,19,T,1
1676486717.267394,0,1676486717,20000000,GPS1_Frame,42.33814833,-71.08803114666667,-52.3,1.2,327989.16855618556,4689433.013296956,184517.2,19,T,1
1676486718.2779117,0,1676486718,20000000,GPS1_Frame,42.33879862166667,-71.08805282833333,40.867,1.2,327989.1555377507,4689505.267101829,184518.2,19,T,1
1676486719.2721474,0,1676486719,20000000,GPS1_Frame,42.33880974666667,-71.08805797333333,42.059,1.2,327988.7620175102,4689506.512856759,184519.2,19,T,1
1676486720.2684467,0,1676486720,20000000,GPS1_Frame,42.33882143833333,-71.08806217333333,43.201,1.2,327988.4478935922,4689507.81962402,184520.2,19,T,1
1676486721.2816908,0,1676486721,20000000,GPS1_Frame,42.33876718333333,-71.088065675,34.763,1.2,327988.0114778922,4689501.802102447,184521.2,19,T,1
1676486722.2797363,0,1676486722,20000000,GPS1_Frame,42.33877124666667,-71.08807270166666,34.667,1.2,327987.4436863734,4689502.267519626,184522.2,19,T,1
1676486723.2808464,0,1676486723,20000000,GPS1_Frame,42.33877487666667,-71.08807617,34.616,1.2,327987.16785616043,4689502.677619965,184523.2,19,T,1
1676486724.279525,0,1676486724,20000000,GPS1_Frame,42.33881797833333,-71.08808221,40.438,1.2,327986.78779815877,4689507.47595141,184524.2,19,T,1
1676486725.2746592,0,1676486725,20000000,GPS1_Frame,42.338829805,-71.088086835,41.412,1.2,327986.4390304306,4689508.798569281,184525.2,19,T,1
1676486726.2748976,0,1676486726,20000000,GPS1_Frame,42.33884249166667,-71.08809413,42.297,1.2,327985.87264804495,4689510.222085088,184526.2,19,T,1
1676486727.2766118,0,1676486727,20000000,GPS1_Frame,42.338749433333334,-71.08809491833334,28.449,1.2,327985.5539505185,4689499.890259222,184527.2,19,T,1
1676486728.2887626,0,1676486728,20000000,GPS1_Frame,42.338738901666666,-71.08809511166666,26.991,1.2,327985.5093054096,4689498.721188805,184528.2,19,T,1
1676486729.275485,0,1676486729,20000000,GPS1_Frame,42.33872847166667,-71.08809529833333,25.539,1.2,327985.46548674186,4689497.563394214,184529.2,19,T,1
1676486730.287635,0,1676486730,20000000,GPS1_Frame,42.3388386,-71.08809966333334,41.288,1.2,327985.4061892269,4689509.801139122,184530.2,19,T,1
1676486731.3029006,0,1676486731,20000000,GPS1_Frame,42.33883498,-71.08810195,40.533,1.4,327985.2079379827,4689509.403791612,184531.2,19,T,1
1676486732.273261,0,1676486732,20000000,GPS1_Frame,42.338827685,-71.08810220666666,39.51,1.6,327985.16690105846,4689508.594256543,184532.2,19,T,5
1676486733.274956,0,1676486733,20000000,GPS1_Frame,42.33882875166667,-71.08810174833333,39.921,1.6,327985.2075680876,4689508.71177455,184533.2,19,T,5
1676486734.267511,0,1676486734,20000000,GPS1_Frame,42.33883214833333,-71.08810209833334,40.607,1.6,327985.18799651845,4689509.08965663,184534.2,19,T,5
1676486735.2802887,0,1676486735,20000000,GPS1_Frame,42.338835591666665,-71.08810219666667,41.585,1.6,327985.18928500323,4689509.47221156,184535.2,19,T,5
1676486736.2695632,0,1676486736,20000000,GPS1_Frame,42.33883670666667,-71.08810227833334,42.128,1.6,327985.18559755536,4689509.596189052,184536.2,19,T,5
1676486737.2710254,0,1676486737,20000000,GPS1_Frame,42.33883475333333,-71.08810251333334,42.189,1.6,327985.16091138404,4689509.379761639,184537.2,19,T,5
1676486738.2735152,0,1676486738,20000000,GPS1_Frame,42.33883390166667,-71.08810360166666,42.351,1.6,327985.06892997294,4689509.287392255,184538.2,19,T,5
1676486739.277091,0,1676486739,20000000,GPS1_Frame,42.338835458333335,-71.08810477833333,42.976,1.6,327984.97623860626,4689509.462628687,184539.2,19,T,5
1676486740.276712,0,1676486740,20000000,GPS1_Frame,42.338833668333336,-71.08810607333334,42.848,1.5,327984.86467290646,4689509.26648261,184540.2,19,T,5
1676486741.27321,0,1676486741,20000000,GPS1_Frame,42.33882911166667,-71.08810671166667,42.152,1.5,327984.79966046114,4689508.761790771,184541.2,19,T,5
1676486742.2728121,0,1676486742,20000000,GPS1_Frame,42.33882616333333,-71.08810756833333,41.923,1.6,327984.7210469363,4689508.436133822,184542.2,19,T,5
1676486743.2701867,0,1676486743,20000000,GPS1_Frame,42.33882548,-71.088108055,42.168,1.1,327984.6790910269,4689508.361239391,184543.2,19,T,1
1676486744.273879,0,1676486744,20000000,GPS1_Frame,42.33882397666667,-71.08810772333334,42.317,1.1,327984.70231504604,4689508.193634678,184544.2,19,T,1
1676486745.2744832,0,1676486745,20000000,GPS1_Frame,42.338823168333334,-71.088107475,42.962,1.1,327984.7205690505,4689508.103373017,184545.2,19,T,1
1676486746.2679636,0,1676486746,20000000,GPS1_Frame,42.33882149833333,-71.088105935,43.544,1.2,327984.84288351785,4689507.914816742,184546.2,19,T,1
1676486747.2686884,0,1676486747,20000000,GPS1_Frame,42.338819988333334,-71.08810422,44.525,1.2,327984.9800511353,4689507.743673224,184547.2,19,T,1
1676486748.2773125,0,1676486748,20000000,GPS1_Frame,42.33881858666667,-71.08810138333334,45.681,1.2,327985.2099193161,4689507.582290146,184548.2,19,T,1
1676486749.269513,0,1676486749,20000000,GPS1_Frame,42.33881675,-71.08809328833334,47.781,1.2,327985.8717933948,4689507.36196592,184549.2,19,T,1
1676486750.2691522,0,1676486750,20000000,GPS1_Frame,42.338814471666666,-71.08809499666667,47.648,1.1,327985.72484486486,4689507.112430304,184550.2,19,T,1
1676486751.3012967,0,1676486751,20000000,GPS1_Frame,42.338812085,-71.08809671666667,47.521,1.1,327985.57663979474,4689506.850888702,184551.2,19,T,1
1676486752.301318,0,1676486752,20000000,GPS1_Frame,42.338790016666664,-71.08811892,40.015,1.1,327983.6873074732,4689504.445286018,184552.2,19,T,1
1676486753.2995818,0,1676486753,20000000,GPS1_Frame,42.33881297666667,-71.08813594333333,40.545,1.1,327982.3474994635,4689507.029258574,184553.2,19,T,1
1676486754.2999485,0,1676486754,20000000,GPS1_Frame,42.338811871666664,-71.088138575,40.449,1.1,327982.1276842697,4689506.911880738,184554.2,19,T,1
1676486755.2751434,0,1676486755,20000000,GPS1_Frame,42.338808611666664,-71.08811451,45.713,1.1,327984.10131792794,4689506.501197848,184555.2,19,T,1
1676486756.2946453,0,1676486756,20000000,GPS1_Frame,42.33880858166667,-71.08811736,45.86,1.1,327983.8664473713,4689506.503632236,184556.2,19,T,1
1676486757.2926311,0,1676486757,20000000,GPS1_Frame,42.338808828333335,-71.08811990333334,45.994,1.1,327983.6575950598,4689506.536167962,184557.2,19,T,1
1676486758.3031988,0,1676486758,20000000,GPS1_Frame,42.338810626666664,-71.088153205,39.887,1.1,327980.91904041887,4689506.803230424,184558.2,19,T,1
1676486759.2774606,0,1676486759,20000000,GPS1_Frame,42.338808711666665,-71.08815348333333,40.295,1.1,327980.890888754,4689506.591147317,184559.2,19,T,1
1676486760.2752879,0,1676486760,20000000,GPS1_Frame,42.338806875,-71.088153555,40.692,1.1,327980.8799763144,4689506.387344428,184600.2,19,T,1
1676486761.274648,0,1676486761,20000000,GPS1_Frame,42.33872040333333,-71.08805519833334,49.047,1.1,327988.74700944684,4689496.586344894,184601.2,19,T,1
1676486762.268077,0,1676486762,20000000,GPS1_Frame,42.338720378333335,-71.088058455,48.935,1.2,327988.4786501293,4689496.590157009,184602.2,19,T,1
1676486763.276047,0,1676486763,20000000,GPS1_Frame,42.338646765,-71.08808367833333,32.948,1.2,327986.19996952615,4689488.466982601,184603.2,19,T,1
1676486764.2725582,0,1676486764,20000000,GPS1_Frame,42.33865097,-71.08808429833333,33.609,1.1,327986.1603587192,4689488.935170147,184604.2,19,T,1
1676486765.2689593,0,1676486765,20000000,GPS1_Frame,42.33864004833333,-71.08827444833334,-7.855,1.1,327970.4655948312,4689488.107094315,184605.2,19,T,1
1676486766.2730103,0,1676486766,20000000,GPS1_Frame,42.33864066666667,-71.08827758166667,-8.507,1.2,327970.2091500403,4689488.1820948655,184606.2,19,T,1
1676486767.2744586,0,1676486767,20000000,GPS1_Frame,42.338671795,-71.08834022166667,-17.004,1.2,327965.1336176323,4689491.765394459,184607.2,19,T,1
1676486768.2742178,0,1676486768,20000000,GPS1_Frame,42.33872134833334,-71.088318805,-5.228,1.2,327967.0331068388,4689497.224584361,184608.2,19,T,1
1676486769.273314,0,1676486769,20000000,GPS1_Frame,42.33864169333334,-71.08827231666666,-7.646,3.1,327970.6456922882,4689488.285446295,184609.2,19,T,5
1676486770.2645924,0,1676486770,20000000,GPS1_Frame,42.33863143833333,-71.08824647833333,-3.904,3.1,327972.74634653574,4689487.094430992,184610.2,19,T,5
1676486771.2741888,0,1676486771,20000000,GPS1_Frame,42.338641835,-71.08824639833334,-2.358,3.1,327972.7812888983,4689488.248739942,184611.2,19,T,5
1676486772.2744277,0,1676486772,20000000,GPS1_Frame,42.33866824166667,-71.08828057666666,-5.359,3.1,327970.03761370864,4689491.250148486,184612.2,19,T,5
1676486773.2702472,0,1676486773,20000000,GPS1_Frame,42.33868972,-71.08830321333333,-6.529,3.1,327968.23132845334,4689493.680952841,184613.2,19,T,5
1676486774.2712677,0,1676486774,20000000,GPS1_Frame,42.33870327333333,-71.08831338666667,-6.708,3.1,327967.4301883917,4689495.206530433,184614.2,19,T,5
1676486775.2794995,0,1676486775,20000000,GPS1_Frame,42.338717298333336,-71.08831985666667,-6.039,3.1,327966.93542350875,4689496.776990407,184615.2,19,T,5
1676486776.2974222,0,1676486776,20000000,GPS1_Frame,42.33872863333333,-71.08832013666667,-4.518,1.3,327966.9432682791,4689498.03622252,184616.2,19,T,1
1676486777.2833965,0,1676486777,20000000,GPS1_Frame,42.338743926666666,-71.08832829333333,-4.265,3.1,327966.3130114999,4689499.7509338595,184617.2,19,T,5
1676486778.2718978,0,1676486778,20000000,GPS1_Frame,42.338757575,-71.08833392833333,-3.577,3.1,327965.8860090851,4689501.277878555,184618.2,19,T,5
1676486779.2706387,0,1676486779,20000000,GPS1_Frame,42.33877126833333,-71.08832509666667,0.182,3.1,327966.6509235254,4689502.78055054,184619.2,19,T,5
1676486780.272596,0,1676486780,20000000,GPS1_Frame,42.338781411666666,-71.088317835,2.931,3.1,327967.2768166062,4689503.892198554,184620.2,19,T,5
1676486781.2708158,0,1676486781,20000000,GPS1_Frame,42.338786166666665,-71.08830835666667,5.272,3.1,327968.0706285193,4689504.401028331,184621.2,19,T,5
1676486782.2703724,0,1676486782,20000000,GPS1_Frame,42.33879063333333,-71.08829826833333,8.0,3.1,327968.91390705697,4689504.876606806,184622.2,19,T,5
1676486783.2718427,0,1676486783,20000000,GPS1_Frame,42.33879608666667,-71.08829865166666,8.487,3.1,327968.89719896973,4689505.4829336,184623.2,19,T,5
1676486784.282462,0,1676486784,20000000,GPS1_Frame,42.33879105,-71.08826151333334,15.176,1.5,327971.94299529784,4689504.84851186,184624.2,19,T,5
1676486785.270648,0,1676486785,20000000,GPS1_Frame,42.33879177833333,-71.08823923,19.52,1.5,327973.78072796576,4689504.884304803,184625.2,19,T,5
1676486786.319751,0,1676486786,20000000,GPS1_Frame,42.33879141333333,-71.08822402166666,22.442,1.5,327975.03262615437,4689504.8130055815,184626.2,19,T,5
1676486787.323736,0,1676486787,20000000,GPS1_Frame,42.33879644,-71.08821549666666,24.881,1.5,327975.74864064914,4689505.353931458,184627.2,19,T,5
1676486788.3249528,0,1676486788,20000000,GPS1_Frame,42.33879879166667,-71.08821232833333,25.887,1.5,327976.0160673245,4689505.608656209,184628.2,19,T,5
1676486789.314039,0,1676486789,20000000,GPS1_Frame,42.338801696666664,-71.08820962166666,26.769,1.5,327976.24696986144,4689505.925758445,184629.2,19,T,5
1676486790.3202012,0,1676486790,20000000,GPS1_Frame,42.338804495,-71.08821027333333,26.875,1.5,327976.2009152083,4689506.237810503,184630.2,19,T,5
1676486791.318453,0,1676486791,20000000,GPS1_Frame,42.33880727166667,-71.08820526166667,28.237,1.5,327976.6213583158,4689506.535998995,184631.2,19,T,5
1676486792.3160584,0,1676486792,20000000,GPS1_Frame,42.338809455,-71.08819972166667,29.711,1.5,327977.08370855974,4689506.767233475,184632.2,19,T,5
1676486793.305763,0,1676486793,20000000,GPS1_Frame,42.338812913333335,-71.08819849,30.375,1.6,327977.1946064612,4689507.148763304,184633.2,19,T,5
1676486794.2776484,0,1676486794,20000000,GPS1_Frame,42.33881629166667,-71.088200825,30.473,1.6,327977.0114570277,4689507.528625532,184634.2,19,T,5
1676486795.2765336,0,1676486795,20000000,GPS1_Frame,42.338818823333334,-71.08820127333334,30.807,1.6,327976.98142617475,4689507.810654911,184635.2,19,T,5
1676486796.2758188,0,1676486796,20000000,GPS1_Frame,42.338821888333335,-71.08820157666666,31.065,1.6,327976.964795092,4689508.15161355,184636.2,19,T,5
1676486797.2760012,0,1676486797,20000000,GPS1_Frame,42.338824476666666,-71.08820348,31.003,1.6,327976.8150529659,4689508.442878975,184637.2,19,T,5
1676486798.278684,0,1676486798,20000000,GPS1_Frame,42.33882608333333,-71.08820146833334,31.67,1.0,327976.9851593997,4689508.617217252,184638.2,19,T,1
1676486799.2737296,0,1676486799,20000000,GPS1_Frame,42.33882692,-71.08819494,33.05,1.1,327977.5252580752,4689508.696915138,184639.2,19,T,1
1676486800.2715065,0,1676486800,20000000,GPS1_Frame,42.33882744666667,-71.08818468,35.114,1.1,327978.37193352776,4689508.734640359,184640.2,19,T,1
1676486801.2731807,0,1676486801,20000000,GPS1_Frame,42.33882961166667,-71.08820545,31.092,1.6,327976.66676338704,4689509.01706726,184641.2,19,T,5
1676486802.2826571,0,1676486802,20000000,GPS1_Frame,42.33883014333333,-71.08820339666667,31.466,1.6,327976.83737090963,4689509.0719506545,184642.2,19,T,5
1676486803.292269,0,1676486803,20000000,GPS1_Frame,42.338829565,-71.08818925833333,34.661,1.6,327978.00053787185,4689508.979127639,184643.2,19,T,5
1676486804.2870119,0,1676486804,20000000,GPS1_Frame,42.33883058666667,-71.088181485,36.299,1.6,327978.6437065654,4689509.076849684,184644.2,19,T,5
1676486805.2827249,0,1676486805,20000000,GPS1_Frame,42.33883171666667,-71.088183595,35.982,1.6,327978.47296200535,4689509.206596344,184645.2,19,T,5
1676486806.289389,0,1676486806,20000000,GPS1_Frame,42.33883246166667,-71.08818309833333,36.134,1.6,327978.5159099591,4689509.288318125,184646.2,19,T,5
1676486807.2853823,0,1676486807,20000000,GPS1_Frame,42.338832195,-71.08817690666666,37.455,1.6,327979.0252645837,4689509.246180453,184647.2,19,T,5
1676486808.276103,0,1676486808,20000000,GPS1_Frame,42.33883236,-71.08817260166667,38.309,1.0,327979.38036898244,4689509.255793023,184648.2,19,T,1
1676486809.279616,0,1676486809,20000000,GPS1_Frame,42.33883437833333,-71.08816997333334,39.248,1.0,327979.60240013525,4689509.4745962415,184649.2,19,T,1
1676486810.2822533,0,1676486810,20000000,GPS1_Frame,42.338839271666664,-71.08816709333334,40.569,1.0,327979.8530039496,4689510.012137228,184650.2,19,T,1
1676486811.279665,0,1676486811,20000000,GPS1_Frame,42.33882141833333,-71.08816427166667,38.493,1.6,327980.0367740015,4689508.023951751,184651.2,19,T,5
1676486812.278861,0,1676486812,20000000,GPS1_Frame,42.33881467166667,-71.08816330666667,37.619,1.6,327980.0978750958,4689507.27283341,184652.2,19,T,5
1676486813.2930803,0,1676486813,20000000,GPS1_Frame,42.33881298666667,-71.08816357666667,37.375,1.6,327980.07103711227,4689507.086273198,184653.2,19,T,5
1676486814.2796118,0,1676486814,20000000,GPS1_Frame,42.33881233,-71.08816546833333,37.018,1.1,327979.9134071348,4689507.017182358,184654.2,19,T,1
1676486815.2806318,0,1676486815,20000000,GPS1_Frame,42.33881261166667,-71.088166455,36.889,1.1,327979.8328916265,4689507.050455412,184655.2,19,T,1
1676486816.2940755,0,1676486816,20000000,GPS1_Frame,42.33881328166667,-71.08816455166667,37.462,1.1,327979.9915190876,4689507.121003212,184656.2,19,T,1
1676486817.2847278,0,1676486817,20000000,GPS1_Frame,42.33881417333333,-71.08816261666666,37.986,1.1,327980.1533597738,4689507.216101352,184657.2,19,T,1
1676486818.2757766,0,1676486818,20000000,GPS1_Frame,42.338815401666665,-71.08816090666667,38.595,1.1,327980.2975825615,4689507.349038962,184658.2,19,T,1
1676486819.3047178,0,1676486819,20000000,GPS1_Frame,42.33881659666667,-71.08815831666666,39.407,1.1,327980.51421061344,4689507.476494853,184659.2,19,T,1
1676486820.2755098,0,1676486820,20000000,GPS1_Frame,42.338657096666665,-71.08815513333333,16.239,1.0,327980.3415205925,4689489.758792008,184700.2,19,T,1
1676486821.2778664,0,1676486821,20000000,GPS1_Frame,42.33866197,-71.08815402,17.271,1.1,327980.44652849017,4689490.297686271,184701.2,19,T,1
1676486822.26808,0,1676486822,20000000,GPS1_Frame,42.33836997,-71.08814997666667,-25.759,9.9,327979.98337987124,4689457.865126774,184702.2,19,T,5
1676486823.2863421,0,1676486823,20000000,GPS1_Frame,42.33839657666667,-71.088151575,-22.013,9.9,327979.9242579397,4689460.822828262,184703.2,19,T,5
1676486824.2734835,0,1676486824,20000000,GPS1_Frame,42.33841983833333,-71.08815184666666,-18.609,9.8,327979.9653089154,4689463.406409015,184704.2,19,T,5
1676486825.31477,0,1676486825,20000000,GPS1_Frame,42.33843473833333,-71.088151335,-16.423,9.8,327980.04809169564,4689465.05990555,184705.2,19,T,5
1676486826.314866,0,1676486826,20000000,GPS1_Frame,42.338405975,-71.08814970333333,-20.653,9.8,327980.10407864075,4689461.862655181,184706.2,19,T,5
1676486827.2738154,0,1676486827,20000000,GPS1_Frame,42.338404841666666,-71.08814731333334,-20.645,1.2,327980.29788247595,4689461.731972004,184707.2,19,T,1
1676486828.2818835,0,1676486828,20000000,GPS1_Frame,42.338419501666664,-71.088144665,-18.122,9.8,327980.55603471753,4689463.354495749,184708.2,19,T,5
1676486829.2732365,0,1676486829,20000000,GPS1_Frame,42.33842975666666,-71.08814256166667,-16.159,9.8,327980.75727658183,4689464.488980327,184709.2,19,T,5
1676486830.2732472,0,1676486830,20000000,GPS1_Frame,42.33842472,-71.08814120166667,-16.669,9.8,327980.85558252304,4689463.926945438,184710.2,19,T,5
1676486831.272643,0,1676486831,20000000,GPS1_Frame,42.33841366666667,-71.08813868333333,-18.054,1.1,327981.03290833783,4689462.694462107,184711.2,19,T,1
1676486832.2704113,0,1676486832,20000000,GPS1_Frame,42.338424743333334,-71.08813967666667,-16.059,1.1,327980.9812794924,4689463.926451261,184712.2,19,T,1
1676486833.2665842,0,1676486833,20000000,GPS1_Frame,42.33836524833333,-71.08811117833334,-26.604,9.7,327983.16681200976,4689457.262330656,184713.2,19,T,5
1676486834.271236,0,1676486834,20000000,GPS1_Frame,42.33838183666667,-71.08812440666667,-22.727,9.7,327982.12226116995,4689459.131100297,184714.2,19,T,5
1676486835.27066,0,1676486835,20000000,GPS1_Frame,42.33834903333333,-71.088114585,-27.995,9.7,327982.84194657684,4689455.468670054,184715.2,19,T,5
1676486836.272194,0,1676486836,20000000,GPS1_Frame,42.33833273166667,-71.08810702166667,-30.638,9.7,327983.4205822497,4689453.643193135,184716.2,19,T,5
1676486837.2696912,0,1676486837,20000000,GPS1_Frame,42.338317221666664,-71.08810076333333,-33.109,9.7,327983.89386760734,4689451.908264876,184717.2,19,T,5
1676486838.2721946,0,1676486838,20000000,GPS1_Frame,42.338521736666664,-71.08812047,-4.796,1.5,327982.8280577869,4689474.657967234,184718.2,19,T,5
1676486839.272296,0,1676486839,20000000,GPS1_Frame,42.33868521833333,-71.08813538833333,17.581,1.5,327982.04484140646,4689492.841543884,184719.2,19,T,5
1676486840.2647843,0,1676486840,20000000,GPS1_Frame,42.33871736333333,-71.08813668166667,21.562,1.5,327982.0259489219,4689496.413618277,184720.2,19,T,5
1676486841.2712398,0,1676486841,20000000,GPS1_Frame,42.338731601666666,-71.08813624333334,23.1,1.5,327982.10088581,4689497.993790197,184721.2,19,T,5
1676486842.2913296,0,1676486842,20000000,GPS1_Frame,42.33874161166667,-71.08813451666667,24.004,1.5,327982.2704281953,4689499.101831471,184722.2,19,T,5
1676486843.2876053,0,1676486843,20000000,GPS1_Frame,42.338745685,-71.088132655,24.065,1.5,327982.43490364344,4689499.550377922,184723.2,19,T,5
1676486844.2870445,0,1676486844,20000000,GPS1_Frame,42.33874645,-71.08813172,23.93,1.5,327982.5140169554,4689499.633433803,184724.2,19,T,5
1676486845.294154,0,1676486845,20000000,GPS1_Frame,42.33874911833333,-71.08813145833334,24.068,1.5,327982.5428497838,4689499.929202573,184725.2,19,T,5
1676486846.2874928,0,1676486846,20000000,GPS1_Frame,42.33875135,-71.08813181666666,24.115,3.1,327982.51941498276,4689500.177737123,184726.2,19,T,5
1676486847.2711952,0,1676486847,20000000,GPS1_Frame,42.33875312,-71.088132335,24.074,3.1,327982.4815401461,4689500.375330786,184727.2,19,T,5
1676486848.2716765,0,1676486848,20000000,GPS1_Frame,42.338753866666664,-71.088133005,24.0,3.1,327982.4283802042,4689500.45959789,184728.2,19,T,5
1676486849.2753954,0,1676486849,20000000,GPS1_Frame,42.33875605,-71.088134095,24.045,1.5,327982.3445373837,4689500.7042455925,184729.2,19,T,5
1676486850.2700143,0,1676486850,20000000,GPS1_Frame,42.338760183333335,-71.08813510833333,24.417,1.5,327982.27232792345,4689501.165270875,184730.2,19,T,5
1676486851.2723126,0,1676486851,20000000,GPS1_Frame,42.338763388333334,-71.08813645833334,24.727,1.5,327982.16985173104,4689501.523892894,184731.2,19,T,5
1676486852.2739506,0,1676486852,20000000,GPS1_Frame,42.338768485,-71.088138295,25.417,1.5,327982.03244127496,4689502.0935546765,184732.2,19,T,5
1676486853.2718427,0,1676486853,20000000,GPS1_Frame,42.338773538333335,-71.08814025,26.032,1.5,327981.88516413636,4689502.6586440215,184733.2,19,T,5
1676486854.277563,0,1676486854,20000000,GPS1_Frame,42.338776825,-71.08814126333333,26.406,1.5,327981.8106459784,4689503.025653412,184734.2,19,T,5
1676486855.279601,0,1676486855,20000000,GPS1_Frame,42.338778803333334,-71.08814211333333,26.789,2.9,327981.7460159005,4689503.2470518965,184735.2,19,T,5
1676486856.280908,0,1676486856,20000000,GPS1_Frame,42.338781018333336,-71.08814315666666,27.178,2.9,327981.66610399215,4689503.495121544,184736.2,19,T,5
1676486857.2766273,0,1676486857,20000000,GPS1_Frame,42.33878284666667,-71.08814378333334,27.594,2.9,327981.6194635505,4689503.699411852,184737.2,19,T,5
1676486858.2882302,0,1676486858,20000000,GPS1_Frame,42.33878334333333,-71.088143705,27.811,2.9,327981.627271163,4689503.754404438,184738.2,19,T,5
1676486859.283147,0,1676486859,20000000,GPS1_Frame,42.33878369833333,-71.08814316166666,28.05,2.9,327981.67300012056,4689503.79272529,184739.2,19,T,5
1676486860.2685711,0,1676486860,20000000,GPS1_Frame,42.338784301666664,-71.08814185666667,28.178,1.3,327981.7821539141,4689503.857080773,184740.2,19,T,1
1676486861.2747371,0,1676486861,20000000,GPS1_Frame,42.33878452,-71.08813861333333,28.273,1.6,327982.04994173115,4689503.874763568,184741.2,19,T,5
1676486862.281403,0,1676486862,20000000,GPS1_Frame,42.338784415,-71.088136395,28.329,1.6,327982.2324062548,4689503.858616296,184742.2,19,T,5
1676486863.2742004,0,1676486863,20000000,GPS1_Frame,42.33878540333333,-71.08813379166666,28.375,1.6,327982.4495692465,4689503.963096511,184743.2,19,T,5
1676486864.2751396,0,1676486864,20000000,GPS1_Frame,42.33878656833333,-71.08813057166667,28.458,2.8,327982.71801623894,4689504.0859466735,184744.2,19,T,5
1676486865.2706735,0,1676486865,20000000,GPS1_Frame,42.338787978333336,-71.08812768833333,28.529,2.8,327982.9593960149,4689504.236683327,184745.2,19,T,5
1676486866.2754147,0,1676486866,20000000,GPS1_Frame,42.338789285,-71.08812501166666,28.743,2.7,327983.1834683807,4689504.376363704,184746.2,19,T,5
1676486867.2759478,0,1676486867,20000000,GPS1_Frame,42.33878892333333,-71.08812453833333,28.808,2.8,327983.22147633485,4689504.335245796,184747.2,19,T,5
1676486868.2777538,0,1676486868,20000000,GPS1_Frame,42.338787675,-71.08812380333333,28.661,1.0,327983.278623114,4689504.195140924,184748.2,19,T,1
1676486869.2766511,0,1676486869,20000000,GPS1_Frame,42.338782305,-71.088123315,28.014,1.0,327983.304209808,4689503.597855317,184749.2,19,T,1
1676486870.2805374,0,1676486870,20000000,GPS1_Frame,42.338773265,-71.08812357,26.814,1.0,327983.2585516281,4689502.5945478985,184750.2,19,T,1
1676486871.2722733,0,1676486871,20000000,GPS1_Frame,42.338802996666665,-71.08812469333333,31.473,1.0,327983.2470830757,4689505.89829608,184751.2,19,T,1
1676486872.2780144,0,1676486872,20000000,GPS1_Frame,42.33879522833333,-71.08812385333333,30.423,2.8,327983.2951008555,4689505.03398234,184752.2,19,T,5
1676486873.2794464,0,1676486873,20000000,GPS1_Frame,42.33878742,-71.08812511666666,29.585,2.8,327983.1697326784,4689504.169482048,184753.2,19,T,5
1676486874.2748132,0,1676486874,20000000,GPS1_Frame,42.338794973333336,-71.08812050166667,30.749,2.7,327983.5705226319,4689504.998885959,184754.2,19,T,5
1676486875.2802832,0,1676486875,20000000,GPS1_Frame,42.338793116666665,-71.088117515,30.612,2.7,327983.8115074679,4689504.786675085,184755.2,19,T,5
1676486876.2769394,0,1676486876,20000000,GPS1_Frame,42.338789133333336,-71.088119605,30.444,4.3,327983.6284670568,4689504.348584349,184756.2,19,T,5
1676486877.2759387,0,1676486877,20000000,GPS1_Frame,42.33878525833333,-71.08812201333333,30.286,4.3,327983.41949708236,4689503.923167208,184757.2,19,T,5
1676486878.276935,0,1676486878,20000000,GPS1_Frame,42.33878455333333,-71.08812221166667,30.221,3.6,327983.40123554494,4689503.845283553,184758.2,19,T,5
1676486879.2749844,0,1676486879,20000000,GPS1_Frame,42.33878794333334,-71.08811903333333,30.834,1.4,327983.6723171774,4689504.215287386,184759.2,19,T,5
1676486880.2828882,0,1676486880,20000000,GPS1_Frame,42.33878898,-71.088116505,31.322,2.8,327983.88343327696,4689504.325286422,184800.2,19,T,5
1676486881.2746727,0,1676486881,20000000,GPS1_Frame,42.338785718333334,-71.08811594833334,31.215,2.8,327983.920398557,4689503.961976969,184801.2,19,T,5
1676486882.2791774,0,1676486882,20000000,GPS1_Frame,42.338783065,-71.08811551666666,31.136,2.8,327983.94872491574,4689503.666471189,184802.2,19,T,5
1676486883.2827804,0,1676486883,20000000,GPS1_Frame,42.338780396666664,-71.08811568,31.127,2.8,327983.9279930523,4689503.3705034815,184803.2,19,T,5
1676486884.2827892,0,1676486884,20000000,GPS1_Frame,42.338777953333334,-71.08811828166667,30.857,0.9,327983.70699981024,4689503.104453158,184804.2,19,T,1
1676486885.280179,0,1676486885,20000000,GPS1_Frame,42.338778855,-71.088122575,30.419,0.9,327983.3557648866,4689503.213261984,184805.2,19,T,1
1676486886.2821727,0,1676486886,20000000,GPS1_Frame,42.33878138666667,-71.08812856,29.722,0.9,327982.8696117742,4689503.5064922655,184806.2,19,T,1
1676486887.2801569,0,1676486887,20000000,GPS1_Frame,42.33878656666667,-71.08813495166666,28.846,0.9,327982.3571783281,4689504.094622581,184807.2,19,T,1
1676486888.2730906,0,1676486888,20000000,GPS1_Frame,42.33865891166667,-71.08807733833333,37.528,0.9,327986.7553942318,4689489.802951751,184808.2,19,T,1
1676486889.278321,0,1676486889,20000000,GPS1_Frame,42.33863821833334,-71.08806967833333,37.952,0.9,327987.3300158945,4689487.489618258,184809.2,19,T,1
1676486890.2750022,0,1676486890,20000000,GPS1_Frame,42.33867239333333,-71.08808535833333,46.859,2.8,327986.131450658,4689491.316212834,184810.2,19,T,5
1676486891.27911,0,1676486891,20000000,GPS1_Frame,42.33867233833333,-71.08808820333333,46.16,2.8,327985.89692333527,4689491.315860963,184811.2,19,T,5
1676486892.2807784,0,1676486892,20000000,GPS1_Frame,42.338672976666665,-71.08808954,45.767,0.9,327985.7885464104,4689491.389447118,184812.2,19,T,1
1676486893.2780325,0,1676486893,20000000,GPS1_Frame,42.33867566833333,-71.08809137833333,45.789,0.9,327985.64444012824,4689491.692055211,184813.2,19,T,1
1676486894.282444,0,1676486894,20000000,GPS1_Frame,42.33867812,-71.088092275,46.127,0.9,327985.57725598454,4689491.966108127,184814.2,19,T,1
1676486895.282295,0,1676486895,20000000,GPS1_Frame,42.33866346333333,-71.088086055,42.541,0.9,327986.0497074117,4689490.326013584,184815.2,19,T,1
1676486896.2821171,0,1676486896,20000000,GPS1_Frame,42.33867582333333,-71.088091875,43.326,2.8,327985.60394629254,4689491.710271548,184816.2,19,T,5
1676486897.2812161,0,1676486897,20000000,GPS1_Frame,42.338683788333334,-71.08809622833333,42.678,2.8,327985.26702821784,4689492.603531111,184817.2,19,T,5
1676486898.2787259,0,1676486898,20000000,GPS1_Frame,42.338685255,-71.08809648333333,42.252,0.9,327985.25002008554,4689492.766909166,184818.2,19,T,1
1676486899.2809544,0,1676486899,20000000,GPS1_Frame,42.338683245,-71.08809636666666,41.397,2.8,327985.2541504449,4689492.543477926,184819.2,19,T,5
1676486900.2821991,0,1676486900,20000000,GPS1_Frame,42.33868648166667,-71.08810022333333,40.599,2.8,327984.9452556316,4689492.910687271,184820.2,19,T,5
1676486901.278426,0,1676486901,20000000,GPS1_Frame,42.33868566333334,-71.08810036833333,40.417,2.8,327984.9310787703,4689492.820110914,184821.2,19,T,5
1676486902.2878773,0,1676486902,20000000,GPS1_Frame,42.338684361666665,-71.08809998166667,40.204,0.9,327984.95938380517,4689492.674788488,184822.2,19,T,1
1676486903.2810667,0,1676486903,20000000,GPS1_Frame,42.338682913333336,-71.08810260666667,40.72,0.9,327984.7391812331,4689492.519272519,184823.2,19,T,1
1676486904.2792587,0,1676486904,20000000,GPS1_Frame,42.33868571833333,-71.08810611166666,41.556,0.9,327984.45808043145,4689492.837837151,184824.2,19,T,1
1676486905.2795656,0,1676486905,20000000,GPS1_Frame,42.33869665,-71.08811449166667,42.164,0.9,327983.79752664844,4689494.068668646,184825.2,19,T,1
1676486906.2788444,0,1676486906,20000000,GPS1_Frame,42.338710725,-71.08812389666667,43.556,0.9,327983.0611028088,4689495.650617105,184826.2,19,T,1
1676486907.279086,0,1676486907,20000000,GPS1_Frame,42.338694008333334,-71.08812131166667,39.222,2.9,327983.2284768664,4689493.789128772,184827.2,19,T,5
1676486908.2808647,0,1676486908,20000000,GPS1_Frame,42.33870022666667,-71.08812689333334,39.298,2.9,327982.78560355195,4689494.490919387,184828.2,19,T,5
1676486909.2828872,0,1676486909,20000000,GPS1_Frame,42.338703818333336,-71.08812953833333,39.154,2.9,327982.5774967014,4689494.895097635,184829.2,19,T,5
1676486910.280303,0,1676486910,20000000,GPS1_Frame,42.33870638333333,-71.08813050333333,38.965,2.9,327982.50499231607,4689495.181873631,184830.2,19,T,5
1676486911.3086421,0,1676486911,20000000,GPS1_Frame,42.33870605333333,-71.08813078,38.0,0.9,327982.481300056,4689495.145789351,184831.2,19,T,1
1676486912.2797682,0,1676486912,20000000,GPS1_Frame,42.33870362333333,-71.08813002333333,36.861,0.9,327982.53700961784,4689494.874425545,184832.2,19,T,1
1676486913.2811866,0,1676486913,20000000,GPS1_Frame,42.33869808833333,-71.088129435,35.268,0.9,327982.57038463023,4689494.258615642,184833.2,19,T,1
1676486914.2825656,0,1676486914,20000000,GPS1_Frame,42.338691028333336,-71.08812680333334,33.341,0.9,327982.76793543546,4689493.469332317,184834.2,19,T,1
1676486915.2824514,0,1676486915,20000000,GPS1_Frame,42.33868157,-71.08812292333333,31.045,0.9,327983.06178682693,4689492.411206879,184835.2,19,T,1
1676486916.2795024,0,1676486916,20000000,GPS1_Frame,42.33866689166667,-71.08811975666667,27.831,1.0,327983.28263822733,4689490.774883242,184836.2,19,T,1
1676486917.27968,0,1676486917,20000000,GPS1_Frame,42.338673385,-71.08812823666666,28.74,1.0,327982.6017435158,4689491.513073971,184837.2,19,T,1
1676486918.278912,0,1676486918,20000000,GPS1_Frame,42.3386744,-71.08813382666666,28.615,1.0,327982.14399480866,4689491.637090866,184838.2,19,T,1
1676486919.2777727,0,1676486919,20000000,GPS1_Frame,42.33867535666667,-71.088137445,28.524,1.0,327981.8485172714,4689491.75064152,184839.2,19,T,1
1676486920.2743819,0,1676486920,20000000,GPS1_Frame,42.33867338666667,-71.08814052,27.915,1.0,327981.58982009557,4689491.538108903,184840.2,19,T,1
1676486921.2756615,0,1676486921,20000000,GPS1_Frame,42.338674321666666,-71.08814364,27.8,1.0,327981.33533727436,4689491.648245502,184841.2,19,T,1
1676486922.2733653,0,1676486922,20000000,GPS1_Frame,42.33867706666667,-71.08814974666667,27.486,1.0,327980.83974196913,4689491.965411082,184842.2,19,T,1
1676486923.277959,0,1676486923,20000000,GPS1_Frame,42.3386865,-71.08815862,29.16,2.6,327980.1344610384,4689493.030862456,184843.2,19,T,5
1676486924.279115,0,1676486924,20000000,GPS1_Frame,42.33868277166667,-71.08816048833333,28.188,8.7,327979.970376887,4689492.620639169,184844.2,19,T,5
1676486925.2760901,0,1676486925,20000000,GPS1_Frame,42.33868304,-71.08816245666667,27.892,2.6,327979.80895300786,4689492.654417645,184845.2,19,T,5
1676486926.2713826,0,1676486926,20000000,GPS1_Frame,42.33869201833333,-71.08816789,29.272,2.6,327979.38582622947,4689493.662385412,184846.2,19,T,5
1676486927.2702947,0,1676486927,20000000,GPS1_Frame,42.338693123333336,-71.08817198,29.211,2.6,327979.0518963871,4689493.793361699,184847.2,19,T,5
1676486928.2760682,0,1676486928,20000000,GPS1_Frame,42.338692988333335,-71.08817508666667,28.902,2.6,327978.79559431423,4689493.784656052,184848.2,19,T,5
1676486929.2768474,0,1676486929,20000000,GPS1_Frame,42.338691025,-71.08817746,28.663,2.6,327978.5947201119,4689493.571444289,184849.2,19,T,5
1676486930.2767117,0,1676486930,20000000,GPS1_Frame,42.33869183666667,-71.088180885,28.802,8.6,327978.314774525,4689493.668502818,184850.2,19,T,5
1676486931.2828753,0,1676486931,20000000,GPS1_Frame,42.338690715,-71.088184765,28.837,8.6,327977.99207299465,4689493.551799896,184851.2,19,T,5
1676486932.2774072,0,1676486932,20000000,GPS1_Frame,42.338688265,-71.088188265,28.695,8.6,327977.6970544024,4689493.286826891,184852.2,19,T,5
1676486933.2804496,0,1676486933,20000000,GPS1_Frame,42.33868883,-71.08819140333334,29.011,8.6,327977.4400523938,4689493.355915037,184853.2,19,T,5
1676486934.2842023,0,1676486934,20000000,GPS1_Frame,42.338690193333335,-71.08819438333333,29.387,8.6,327977.1982712423,4689493.513331715,184854.2,19,T,5
1676486935.2810957,0,1676486935,20000000,GPS1_Frame,42.338689585,-71.08819637,29.359,8.6,327977.03294643335,4689493.449800176,184855.2,19,T,5
1676486936.2797341,0,1676486936,20000000,GPS1_Frame,42.33868842333333,-71.08819933833334,29.247,8.6,327976.7852408719,4689493.326811207,184856.2,19,T,5
1676486937.282731,0,1676486937,20000000,GPS1_Frame,42.33868785666667,-71.088200445,29.184,8.6,327976.69252599415,4689493.266126101,184857.2,19,T,5
1676486938.2782154,0,1676486938,20000000,GPS1_Frame,42.33868758,-71.08820105833334,29.057,8.6,327976.6412438032,4689493.236645217,184858.2,19,T,5
1676486939.2856276,0,1676486939,20000000,GPS1_Frame,42.33868741333333,-71.08820169,28.927,8.6,327976.58875123487,4689493.21941609,184859.2,19,T,5
1676486940.274403,0,1676486940,20000000,GPS1_Frame,42.338687531666665,-71.088202725,28.922,8.5,327976.5038083731,4689493.234650036,184900.2,19,T,5
1676486941.275091,0,1676486941,20000000,GPS1_Frame,42.338690111666665,-71.08820609166666,29.636,8.5,327976.2334905925,4689493.527950607,184901.2,19,T,5
1676486942.2749615,0,1676486942,20000000,GPS1_Frame,42.33869155166666,-71.08820907,30.125,8.5,327975.99205584015,4689493.693877206,184902.2,19,T,5
1676486943.2809403,0,1676486943,20000000,GPS1_Frame,42.338693285,-71.08821131333333,30.521,8.5,327975.811971908,4689493.890889251,184903.2,19,T,5
1676486944.278562,0,1676486944,20000000,GPS1_Frame,42.338694358333335,-71.088212805,30.744,8.5,327975.69201211585,4689494.013092596,184904.2,19,T,5
1676486945.2880306,0,1676486945,20000000,GPS1_Frame,42.33869652833334,-71.088215005,31.168,8.5,327975.5166888684,4689494.258505495,184905.2,19,T,5
1676486946.2810752,0,1676486946,20000000,GPS1_Frame,42.33869514166667,-71.088216705,30.905,8.5,327975.37285778613,4689494.107966028,184906.2,19,T,5
1676486947.2874844,0,1676486947,20000000,GPS1_Frame,42.33869528333334,-71.08821829833333,30.998,8.5,327975.2419818556,4689494.126920566,184907.2,19,T,5
1676486948.283101,0,1676486948,20000000,GPS1_Frame,42.338696745,-71.08821929,31.087,0.9,327975.1642721342,4689494.291233817,184908.2,19,T,1
1676486949.2851217,0,1676486949,20000000,GPS1_Frame,42.338701908333334,-71.088221715,31.809,0.9,327974.9785756781,4689494.86948885,184909.2,19,T,1
1676486950.2730212,0,1676486950,20000000,GPS1_Frame,42.33871117666666,-71.08822448,32.98,2.8,327974.7760635902,4689495.904260808,184910.2,19,T,5
1676486951.279027,0,1676486951,20000000,GPS1_Frame,42.33871698,-71.08822417333333,33.355,2.8,327974.81715303345,4689496.548056437,184911.2,19,T,5
1676486952.2753859,0,1676486952,20000000,GPS1_Frame,42.33873173,-71.08822714666667,35.197,2.8,327974.61242652196,4689498.191947314,184912.2,19,T,5
1676486953.2772877,0,1676486953,20000000,GPS1_Frame,42.338743826666665,-71.08822983166667,36.652,2.8,327974.42421802843,4689499.540622363,184913.2,19,T,5
1676486954.278921,0,1676486954,20000000,GPS1_Frame,42.338752811666666,-71.08823208,37.664,2.8,327974.26349764,4689500.542887042,184914.2,19,T,5
1676486955.2753081,0,1676486955,20000000,GPS1_Frame,42.338759625,-71.08823441666667,38.377,2.8,327974.0895780962,4689501.304183361,184915.2,19,T,5
1676486956.276777,0,1676486956,20000000,GPS1_Frame,42.338768375,-71.08823653833333,39.339,2.8,327973.93865203403,4689502.280096822,184916.2,19,T,5
1676486957.269638,0,1676486957,20000000,GPS1_Frame,42.33877539833333,-71.088237605,40.199,2.8,327973.8699304699,4689503.062142649,184917.2,19,T,5
1676486958.2736294,0,1676486958,20000000,GPS1_Frame,42.338782605,-71.08823798666667,40.926,1.5,327973.8581405876,4689503.863160388,184918.2,19,T,5
1676486959.2817392,0,1676486959,20000000,GPS1_Frame,42.33878927666667,-71.08823875666667,41.309,1.5,327973.8129000759,4689504.605556104,184919.2,19,T,5
1676486960.2816403,0,1676486960,20000000,GPS1_Frame,42.33879353333333,-71.088239005,41.497,1.5,327973.8040498191,4689505.078729007,184920.2,19,T,5
1676486961.2842414,0,1676486961,20000000,GPS1_Frame,42.33879745666667,-71.08823941,41.601,1.5,327973.78138404747,4689505.515204739,184921.2,19,T,5
1676486962.2806864,0,1676486962,20000000,GPS1_Frame,42.338798185,-71.088240295,41.544,1.0,327973.7104621201,4689505.597871116,184922.2,19,T,1
1676486963.2786345,0,1676486963,20000000,GPS1_Frame,42.33879799166667,-71.08824094,41.555,1.0,327973.6567984875,4689505.577707857,184923.2,19,T,1
1676486964.2808151,0,1676486964,20000000,GPS1_Frame,42.33880063,-71.08824220333334,43.362,0.9,327973.55991728004,4689505.87323065,184924.2,19,T,1
1676486965.2842226,0,1676486965,20000000,GPS1_Frame,42.338797123333336,-71.08824041666666,45.397,0.9,327973.69754379924,4689505.4802272525,184925.2,19,T,1
1676486966.2866237,0,1676486966,20000000,GPS1_Frame,42.33879061166667,-71.08823685833333,47.857,0.9,327973.9729292039,4689504.749957083,184926.2,19,T,1
1676486967.2899146,0,1676486967,20000000,GPS1_Frame,42.338782523333336,-71.08823229166667,50.465,0.9,327974.32708367356,4689503.8425700655,184927.2,19,T,1
1676486968.2840135,0,1676486968,20000000,GPS1_Frame,42.338812278333336,-71.08825132,38.658,2.8,327972.84063304495,4689507.1851340765,184928.2,19,T,5
1676486969.284053,0,1676486969,20000000,GPS1_Frame,42.33881203833333,-71.08825211833333,37.621,0.9,327972.77421025024,4689507.160099063,184929.2,19,T,1
1676486970.2818336,0,1676486970,20000000,GPS1_Frame,42.33881105333333,-71.08825223666666,37.18,0.9,327972.761775592,4689507.050961707,184930.2,19,T,1
1676486971.2858005,0,1676486971,20000000,GPS1_Frame,42.33881008,-71.08825232666666,36.418,0.9,327972.75170690916,4689506.9430625215,184931.2,19,T,1
1676486972.2830756,0,1676486972,20000000,GPS1_Frame,42.338808738333334,-71.08825260166667,35.352,0.9,327972.72539309564,4689506.794637007,184932.2,19,T,1
1676486973.2842405,0,1676486973,20000000,GPS1_Frame,42.33881032666667,-71.088254265,34.597,0.9,327972.5926957644,4689506.9743745625,184933.2,19,T,1
1676486974.284144,0,1676486974,20000000,GPS1_Frame,42.33881595,-71.08825750333334,34.154,0.9,327972.34125033696,4689507.605354711,184934.2,19,T,1
1676486975.2820241,0,1676486975,20000000,GPS1_Frame,42.338898305,-71.08831290833334,-10.455,3.2,327968.0014658675,4689516.862347308,184935.2,19,T,5
1676486976.2874196,0,1676486976,20000000,GPS1_Frame,42.33892815666667,-71.08833710833333,-38.574,3.2,327966.0892335138,4689520.226110574,184936.2,19,T,5
1676486977.3149958,0,1676486977,20000000,GPS1_Frame,42.3389481,-71.08835656666666,-65.251,3.2,327964.54060855723,4689522.480035582,184937.2,19,T,5
1676486978.3120232,0,1676486978,20000000,GPS1_Frame,42.338878405,-71.088295245,29.245,3.2,327969.4023358918,4689514.616866656,184938.2,19,T,5
1676486979.3140345,0,1676486979,20000000,GPS1_Frame,42.33889056666667,-71.08830673333334,12.458,3.2,327968.48907090805,4689515.990570752,184939.2,19,T,5
1676486980.283947,0,1676486980,20000000,GPS1_Frame,42.338866403333334,-71.08829487833333,14.792,3.2,327969.3998130627,4689513.283430907,184940.2,19,T,5
1676486981.3252847,0,1676486981,20000000,GPS1_Frame,42.338852955,-71.08828959333333,17.025,3.2,327969.79852701817,4689511.779403002,184941.2,19,T,5
1676486982.2840078,0,1676486982,20000000,GPS1_Frame,42.33884535166667,-71.088288655,13.512,2.0,327969.8550939121,4689510.933212163,184942.2,19,T,5
1676486983.3250492,0,1676486983,20000000,GPS1_Frame,42.338829993333334,-71.08828312833333,14.586,2.0,327970.268508425,4689509.216604367,184943.2,19,T,5
