Time,header,latitude,longitude,altitude,utm_easting,HDOP,UTC,utm_northing,zone,letter
1675728461.9690912,$GPGGA,42.33896,-71.08389166666666,15.5,328332.3996078671,1.6,743.0,4689514.777396849,19,T
1675728462.967039,$GPGGA,42.33896,-71.08389166666666,15.5,328332.3996078671,1.6,744.0,4689514.777396849,19,T
1675728463.9663198,$GPGGA,42.33896,-71.08389166666666,15.5,328332.3996078671,1.6,745.0,4689514.777396849,19,T
1675728464.966543,$GPGGA,42.33896,-71.08389000000001,15.5,328332.5369108656,1.6,746.0,4689514.774031946,19,T
1675728465.9671028,$GPGGA,42.33896,-71.08389000000001,15.5,328332.5369108656,1.6,747.0,4689514.774031946,19,T
1675728466.967343,$GPGGA,42.338956666666675,-71.08388833333333,15.7,328332.66514277423,1.6,748.0,4689514.400525797,19,T
1675728467.966886,$GPGGA,42.338956666666675,-71.08388833333333,15.7,328332.66514277423,1.6,749.0,4689514.400525797,19,T
1675728468.9682207,$GPGGA,42.338956666666675,-71.08388833333333,15.7,328332.66514277423,1.6,750.0,4689514.400525797,19,T
1675728469.9677444,$GPGGA,42.33895333333333,-71.08388666666666,15.9,328332.7933747001,1.6,751.0,4689514.027019648,19,T
1675728470.9670272,$GPGGA,42.338950000000004,-71.08388666666666,15.9,328332.7843036189,1.6,752.0,4689513.656878401,19,T
1675728471.9662893,$GPGGA,42.338943333333326,-71.083885,15.9,328332.90346449486,1.6,753.0,4689512.913231008,19,T
1675728472.9664266,$GPGGA,42.33894,-71.08388666666666,15.8,328332.75709037855,1.6,754.0,4689512.546454653,19,T
1675728473.96774,$GPGGA,42.338935000000006,-71.08388833333333,15.8,328332.60618070536,1.6,755.0,4689511.994607679,19,T
1675728474.969509,$GPGGA,42.33892666666667,-71.08388833333333,15.7,328332.58350299316,1.6,756.0,4689511.06925456,19,T
1675728475.968586,$GPGGA,42.33891666666667,-71.08388833333333,15.5,328332.5562897433,1.6,757.0,4689509.958830817,19,T
1675728476.967319,$GPGGA,42.33890666666666,-71.08388333333333,15.2,328332.94098584657,1.6,758.0,4689508.838312392,19,T
1675728477.9686103,$GPGGA,42.338898333333326,-71.08388166666667,15.0,328333.0556113339,1.6,759.0,4689507.909594388,19,T
1675728478.9679813,$GPGGA,42.33888833333334,-71.08388166666667,14.8,328333.0283981862,1.6,800.0,4689506.799170652,19,T
1675728479.9704762,$GPGGA,42.33888,-71.083885,14.5,328332.73111422174,1.6,801.0,4689505.880547319,19,T
1675728480.9676259,$GPGGA,42.338876666666664,-71.083895,14.0,328331.8982240744,1.6,802.0,4689505.530595478,19,T
1675728481.967963,$GPGGA,42.33887,-71.08390666666666,13.7,328330.9189594982,1.6,803.0,4689504.813867414,19,T
1675728482.9689763,$GPGGA,42.33886333333333,-71.08392,13.3,328329.80239151116,1.6,804.0,4689504.10050443,19,T
1675728483.967715,$GPGGA,42.338856666666665,-71.08393166666666,12.9,328328.823126517,1.6,805.0,4689503.383776648,19,T
1675728484.9678361,$GPGGA,42.33885,-71.08394333333334,12.6,328327.8438613212,1.6,806.0,4689502.667049,19,T
1675728485.9694405,$GPGGA,42.33884333333334,-71.08395333333333,12.5,328327.00189917895,1.6,807.0,4689501.94695648,19,T
1675728486.967497,$GPGGA,42.338835,-71.08396333333333,12.4,328326.15540116676,1.6,808.0,4689501.041793431,19,T
1675728487.9683986,$GPGGA,42.33882333333333,-71.08397166666667,12.5,328325.43713479774,1.6,809.0,4689499.763124203,19,T
1675728488.9695418,$GPGGA,42.338815000000004,-71.08398166666666,12.6,328324.5906363322,1.6,810.0,4689498.857961336,19,T
1675728489.9693234,$GPGGA,42.338805,-71.08399166666666,12.5,328323.73960189533,1.6,811.0,4689497.767727943,19,T
1675728490.9683044,$GPGGA,42.338795,-71.084,12.4,328323.0258705586,1.6,812.0,4689496.674129568,19,T
1675728491.967937,$GPGGA,42.33878833333333,-71.08401,12.5,328322.1839072199,1.6,813.0,4689495.9540375965,19,T
1675728492.9687872,$GPGGA,42.33878166666667,-71.08402333333333,12.5,328321.0673369287,1.6,814.0,4689495.240675946,19,T
1675728493.9696555,$GPGGA,42.33877833333333,-71.084035,12.5,328320.09714150813,1.6,815.0,4689494.894090573,19,T
1675728494.9692442,$GPGGA,42.33877166666666,-71.08404666666667,12.4,328319.1178742408,1.6,816.0,4689494.177364091,19,T
1675728495.9689765,$GPGGA,42.338766666666665,-71.08405833333333,12.3,328318.14314266806,1.6,817.0,4689493.645708363,19,T
1675728496.969937,$GPGGA,42.33876,-71.08407000000001,12.4,328317.163875018,1.6,818.0,4689492.928982145,19,T
1675728497.9702985,$GPGGA,42.33875333333334,-71.08408166666666,12.5,328316.1846071725,1.6,819.0,4689492.212256058,19,T
1675728498.970003,$GPGGA,42.33874833333333,-71.08409166666667,12.4,328315.3471785554,1.6,820.0,4689491.677235497,19,T
1675728499.9731872,$GPGGA,42.33874333333333,-71.08410333333333,12.4,328314.3724463362,1.6,821.0,4689491.145580276,19,T
1675728500.9697487,$GPGGA,42.33873666666667,-71.08411500000001,12.3,328313.3931779437,1.6,822.0,4689490.428854565,19,T
1675728501.9701815,$GPGGA,42.33872833333333,-71.08412666666666,12.2,328312.4093733117,1.6,823.0,4689489.527058364,19,T
1675728502.9691477,$GPGGA,42.338721666666665,-71.08413999999999,12.2,328311.2928009713,1.6,824.0,4689488.81369822,19,T
1675728503.9694855,$GPGGA,42.33871666666667,-71.08415166666667,12.3,328310.3180680338,1.6,825.0,4689488.282043545,19,T
1675728504.971776,$GPGGA,42.338710000000006,-71.08416333333334,12.2,328309.338798822,1.6,826.0,4689487.56531838,19,T
1675728505.9696906,$GPGGA,42.33870333333333,-71.084175,12.3,328308.3595294086,1.6,827.0,4689486.848593345,19,T
1675728506.9697006,$GPGGA,42.33869833333333,-71.08418499999999,12.4,328307.5220995386,1.6,828.0,4689486.313573687,19,T
1675728507.969223,$GPGGA,42.33869500000001,-71.08419833333333,12.7,328306.41459856974,1.6,829.0,4689485.970355536,19,T
1675728508.9700177,$GPGGA,42.33869,-71.08421,12.9,328305.4398648479,1.6,830.0,4689485.438701518,19,T
1675728509.9721336,$GPGGA,42.338686666666675,-71.08422166666666,13.0,328304.4696672214,1.6,831.0,4689485.092118254,19,T
1675728510.9708655,$GPGGA,42.338678333333334,-71.084235,13.0,328303.34855706163,1.6,832.0,4689484.193688712,19,T
1675728511.970219,$GPGGA,42.338673333333325,-71.08424666666666,13.2,328302.3738228482,1.6,833.0,4689483.662035108,19,T
1675728512.969347,$GPGGA,42.33866666666666,-71.08425833333334,13.2,328301.3945521574,1.6,834.0,4689482.945311015,19,T
1675728513.9694378,$GPGGA,42.33865833333333,-71.08427166666667,13.2,328300.273441256,1.6,835.0,4689482.046881948,19,T
1675728514.96934,$GPGGA,42.33865000000001,-71.084285,13.3,328299.1523300669,1.6,836.0,4689481.148453052,19,T
1675728515.970574,$GPGGA,42.338645,-71.08429833333334,13.4,328298.040291409,1.6,837.0,4689480.620165569,19,T
1675728516.9713128,$GPGGA,42.33863833333333,-71.08431,13.2,328297.06101984275,1.6,838.0,4689479.903442061,19,T
1675728517.971557,$GPGGA,42.338625,-71.08432166666667,13.0,328296.0636022347,1.6,839.0,4689478.4464362,19,T
1675728518.9706702,$GPGGA,42.33861333333333,-71.08433,12.9,328295.3453282316,1.6,840.0,4689477.167769872,19,T
1675728519.971268,$GPGGA,42.3386,-71.084335,12.7,328294.8971250599,1.6,841.0,4689475.697301752,19,T
1675728520.9716926,$GPGGA,42.338588333333334,-71.08433833333333,12.6,328294.59076202934,1.6,842.0,4689474.408538654,19,T
1675728521.9719896,$GPGGA,42.33857833333333,-71.08434166666666,12.8,328294.28893540753,1.6,843.0,4689473.304846189,19,T
1675728522.9709725,$GPGGA,42.33856666666667,-71.084345,12.7,328293.9825721962,1.6,844.0,4689472.016083118,19,T
1675728523.9706342,$GPGGA,42.33855666666667,-71.08435,12.8,328293.543441519,1.6,845.0,4689470.915756316,19,T
1675728524.9721007,$GPGGA,42.33854833333333,-71.08435833333333,12.9,328292.8342394456,1.6,846.0,4689470.007231457,19,T
1675728525.9725842,$GPGGA,42.338538333333325,-71.08436833333333,12.9,328291.98319672066,1.6,847.0,4689468.917001719,19,T
1675728526.9719326,$GPGGA,42.338525,-71.08437833333333,12.9,328291.1230805856,1.6,848.0,4689467.456630844,19,T
1675728527.9714358,$GPGGA,42.33850833333333,-71.08438500000001,12.8,328290.5284988982,1.6,849.0,4689465.619387431,19,T
1675728528.971581,$GPGGA,42.338496666666664,-71.084395,12.8,328289.67291871307,1.6,850.0,4689464.344087336,19,T
1675728529.9719148,$GPGGA,42.33848666666666,-71.08440666666667,12.8,328288.68457082484,1.6,851.0,4689463.257223688,19,T
1675728530.9719245,$GPGGA,42.33847833333333,-71.08441833333333,12.8,328287.70075929153,1.6,852.0,4689462.3554307865,19,T
1675728531.9714062,$GPGGA,42.33847000000001,-71.08443000000001,12.7,328286.716947505,1.6,853.0,4689461.45363802,19,T
1675728532.975393,$GPGGA,42.338460000000005,-71.08444166666666,12.6,328285.7285987666,1.6,854.0,4689460.366774767,19,T
1675728533.9755325,$GPGGA,42.338451666666664,-71.08445166666667,12.7,328284.8820905655,1.6,855.0,4689459.461616456,19,T
1675728534.9719403,$GPGGA,42.33844666666667,-71.084465,12.6,328283.77004740475,1.6,856.0,4689458.933331123,19,T
1675728535.9723704,$GPGGA,42.338440000000006,-71.08447500000001,12.6,328282.9280755554,1.6,857.0,4689458.213243656,19,T
1675728536.9754965,$GPGGA,42.33843166666667,-71.08448666666666,12.5,328281.94426258677,1.6,858.0,4689457.311451528,19,T
1675728537.9730315,$GPGGA,42.33842500000001,-71.08449666666667,12.4,328281.10229035874,1.6,859.0,4689456.59136427,19,T
1675728538.973386,$GPGGA,42.338416666666674,-71.08450833333333,12.3,328280.1184769264,1.6,900.0,4689455.689572387,19,T
1675728539.972785,$GPGGA,42.33841,-71.08452000000001,12.3,328279.1392001137,1.6,901.0,4689454.972851254,19,T
1675728540.9744413,$GPGGA,42.33840166666667,-71.08453,12.3,328278.2926904259,1.6,902.0,4689454.067693702,19,T
1675728541.9734967,$GPGGA,42.338393333333336,-71.08454166666667,12.2,328277.308876285,1.6,903.0,4689453.165902196,19,T
1675728542.9734309,$GPGGA,42.33838666666667,-71.08455166666666,12.1,328276.46690308943,1.6,904.0,4689452.445815471,19,T
1675728543.9724777,$GPGGA,42.33838166666666,-71.08456333333334,12.0,328275.4921624144,1.6,905.0,4689451.914165442,19,T
1675728544.9735415,$GPGGA,42.338375,-71.08457333333334,11.9,328274.65018888057,1.6,906.0,4689451.194078927,19,T
1675728545.975695,$GPGGA,42.33836833333333,-71.084585,11.9,328273.6709108789,1.6,907.0,4689450.477358527,19,T
1675728546.9732838,$GPGGA,42.338363333333334,-71.08459500000001,11.8,328272.8334740178,1.6,908.0,4689449.942342837,19,T
1675728547.9730117,$GPGGA,42.33835666666667,-71.08460666666666,11.7,328271.85419565235,1.6,909.0,4689449.225622683,19,T
1675728548.9741206,$GPGGA,42.33835166666666,-71.08461666666668,11.6,328271.0167584969,1.6,910.0,4689448.690607202,19,T
1675728549.973955,$GPGGA,42.338346666666666,-71.08462666666667,11.5,328270.17932121374,1.6,911.0,4689448.1555918185,19,T
1675728550.9769657,$GPGGA,42.33834,-71.08463833333333,11.5,328269.20004232216,1.6,912.0,4689447.438872021,19,T
1675728551.9741158,$GPGGA,42.33833500000001,-71.08464833333333,11.4,328268.3626047448,1.6,913.0,4689446.903856848,19,T
1675728552.976759,$GPGGA,42.33833,-71.08465833333334,11.3,328267.5251670396,1.6,914.0,4689446.368841772,19,T
1675728553.9731748,$GPGGA,42.33832333333333,-71.08466833333334,11.3,328266.68319201586,1.6,915.0,4689445.648756176,19,T
1675728554.9734297,$GPGGA,42.33831833333333,-71.08467833333334,11.2,328265.8457540275,1.6,916.0,4689445.113741293,19,T
1675728555.9760513,$GPGGA,42.338313333333325,-71.08468666666666,11.2,328265.14562032506,1.6,917.0,4689444.575360323,19,T
1675728556.9733834,$GPGGA,42.33830833333333,-71.08469666666666,11.1,328264.30818208994,1.6,918.0,4689444.0403456185,19,T
1675728557.9743397,$GPGGA,42.338303333333336,-71.084705,11.3,328263.6080481606,1.6,919.0,4689443.501964796,19,T
1675728558.9731266,$GPGGA,42.33829833333333,-71.08471333333334,11.4,328262.9079141234,1.6,920.0,4689442.963584042,19,T
1675728559.9735029,$GPGGA,42.33829166666666,-71.08472333333334,11.4,328262.0659382127,1.6,921.0,4689442.243498978,19,T
1675728560.9770741,$GPGGA,42.338285,-71.08473166666666,11.4,328261.3612666076,1.6,922.0,4689441.520047759,19,T
1675728561.9760342,$GPGGA,42.33827333333333,-71.08473666666667,11.6,328260.91759184236,1.6,923.0,4689440.23465223,19,T
1675728562.9753852,$GPGGA,42.33826666666667,-71.08474666666666,11.6,328260.0756154113,1.6,924.0,4689439.514567393,19,T
1675728563.9751065,$GPGGA,42.33826166666666,-71.084755,11.6,328259.3754807081,1.6,925.0,4689438.976186973,19,T
1675728564.975119,$GPGGA,42.33826166666666,-71.08476666666667,11.7,328258.4143490128,1.6,926.0,4689438.999751083,19,T
1675728565.977231,$GPGGA,42.338256666666666,-71.08477500000001,12.0,328257.71421412914,1.6,927.0,4689438.461370826,19,T
1675728566.974402,$GPGGA,42.33826166666666,-71.08478666666666,12.3,328256.76669467875,1.6,928.0,4689439.0401470065,19,T
1675728567.9735587,$GPGGA,42.33826166666666,-71.0848,12.6,328255.6682584522,1.6,929.0,4689439.067077838,19,T
1675728568.974214,$GPGGA,42.33826333333333,-71.08481833333333,12.5,328254.1624461525,1.6,930.0,4689439.2891786285,19,T
1675728569.9759552,$GPGGA,42.338265,-71.08483500000001,12.3,328252.79393844935,1.6,931.0,4689439.507913324,19,T
1675728570.977334,$GPGGA,42.338265,-71.08485,12.2,328251.5581977594,1.6,932.0,4689439.538211225,19,T
1675728571.9739282,$GPGGA,42.338265,-71.08486500000001,12.0,328250.32245706825,1.6,933.0,4689439.568509344,19,T
1675728572.974529,$GPGGA,42.33826166666666,-71.08487833333334,12.1,328249.2149456129,1.6,934.0,4689439.225299954,19,T
1675728573.9757175,$GPGGA,42.338258333333336,-71.08489166666666,12.1,328248.10743404523,1.6,935.0,4689438.88209074,19,T
1675728574.9759314,$GPGGA,42.33825,-71.0849,12.1,328247.3982229257,1.6,936.0,4689437.9735702565,19,T
1675728575.9760683,$GPGGA,42.33824166666667,-71.08490666666667,12.2,328246.82631620194,1.6,937.0,4689437.061683304,19,T
1675728576.9750242,$GPGGA,42.33823333333333,-71.08491333333333,12.1,328246.2544093383,1.6,938.0,4689436.149796393,19,T
1675728577.9927602,$GPGGA,42.338226666666664,-71.08492166666666,11.9,328245.5497354546,1.6,939.0,4689435.426346702,19,T
1675728578.9927933,$GPGGA,42.33822,-71.08492833333334,11.9,328244.98236604687,1.6,940.0,4689434.699530506,19,T
1675728579.9922976,$GPGGA,42.338211666666666,-71.084935,11.9,328244.4104587651,1.6,941.0,4689433.787643736,19,T
1675728580.9958117,$GPGGA,42.33820000000001,-71.08493833333334,12.0,328244.10408512456,1.6,942.0,4689432.4988826,19,T
1675728581.9932811,$GPGGA,42.338195,-71.08494833333333,12.2,328243.26664378034,1.6,943.0,4689431.963870328,19,T
1675728582.9929748,$GPGGA,42.33818833333333,-71.08495833333333,12.2,328242.4246644955,1.6,944.0,4689431.243787539,19,T
1675728583.9911745,$GPGGA,42.338181666666664,-71.08497333333334,12.3,328241.17077092716,1.6,945.0,4689430.533804765,19,T
1675728584.97786,$GPGGA,42.33817333333333,-71.08498666666667,12.4,328240.04964394926,1.6,946.0,4689429.635384929,19,T
1675728585.976957,$GPGGA,42.338166666666666,-71.08500166666666,12.2,328238.795749843,1.6,947.0,4689428.925402569,19,T
1675728586.9762523,$GPGGA,42.33816166666667,-71.08501666666666,12.4,328237.54639341193,1.6,948.0,4689428.400491039,19,T
1675728587.9787211,$GPGGA,42.33815166666667,-71.08502666666666,12.9,328236.6953371975,1.6,949.0,4689427.310267682,19,T
1675728588.977561,$GPGGA,42.338145000000004,-71.08503833333333,13.0,328235.71605189156,1.6,950.0,4689426.5935523985,19,T
1675728589.977145,$GPGGA,42.33813833333333,-71.08505,13.1,328234.73676638387,1.6,951.0,4689425.876837247,19,T
1675728590.9767551,$GPGGA,42.338133333333325,-71.08506666666668,12.8,328233.3501042718,1.6,952.0,4689425.35529321,19,T
1675728591.9788525,$GPGGA,42.338133333333325,-71.08508333333333,12.6,328231.9770561737,1.6,953.0,4689425.388961288,19,T
1675728592.9770653,$GPGGA,42.33813166666667,-71.0851,12.3,328230.59946995985,1.6,954.0,4689425.237559021,19,T
1675728593.9779885,$GPGGA,42.33812666666666,-71.08511333333333,12.1,328229.4874170236,1.6,955.0,4689424.709282047,19,T
1675728594.9771695,$GPGGA,42.33811833333333,-71.085125,12.1,328228.5035924192,1.6,956.0,4689423.807497126,19,T
1675728595.9757972,$GPGGA,42.33811000000001,-71.08513166666667,12.4,328227.9316821472,1.6,957.0,4689422.895611629,19,T
1675728596.9763217,$GPGGA,42.338105,-71.08513833333333,12.8,328227.3688481221,1.6,958.0,4689422.353867402,19,T
1675728597.9764717,$GPGGA,42.33809833333333,-71.08514333333332,13.0,328226.9387806895,1.6,959.0,4689421.623685686,19,T
1675728598.975461,$GPGGA,42.338088333333324,-71.08514833333334,13.0,328226.49963674194,1.6,1000.0,4689420.523362763,19,T
1675728599.9769435,$GPGGA,42.338080000000005,-71.08515166666666,13.0,328226.202335823,1.6,1001.0,4689419.604743552,19,T
1675728600.9769428,$GPGGA,42.33806833333333,-71.08515333333334,12.9,328226.03326333093,1.6,1002.0,4689418.312616186,19,T
1675728601.9798412,$GPGGA,42.338056666666674,-71.08515666666668,13.0,328225.7268858183,1.6,1003.0,4689417.023855765,19,T
1675728602.9773023,$GPGGA,42.338044999999994,-71.08515833333333,13.0,328225.5578132155,1.6,1004.0,4689415.731728411,19,T
1675728603.9779491,$GPGGA,42.338031666666666,-71.08515833333333,13.3,328225.5215073661,1.6,1005.0,4689414.251163509,19,T
1675728604.9774313,$GPGGA,42.33802000000001,-71.08516,13.3,328225.35243469675,1.6,1006.0,4689412.959036164,19,T
1675728605.9785237,$GPGGA,42.33800166666666,-71.08516166666666,12.9,328225.16520904354,1.6,1007.0,4689410.926626372,19,T
1675728606.9798338,$GPGGA,42.337986666666666,-71.08517166666667,12.9,328224.3005341494,1.6,1008.0,4689409.281192594,19,T
1675728607.9779937,$GPGGA,42.33797666666666,-71.085185,12.8,328223.1748634028,1.6,1009.0,4689408.19770471,19,T
1675728608.97863,$GPGGA,42.33796833333334,-71.08519666666666,12.7,328222.19103579177,1.6,1010.0,4689407.295920606,19,T
1675728609.9781158,$GPGGA,42.33795833333333,-71.08520833333334,12.8,328221.2026695963,1.6,1011.0,4689406.209066021,19,T
1675728610.9782243,$GPGGA,42.337941666666666,-71.085215,13.2,328220.60806535697,1.6,1012.0,4689404.371828017,19,T
1675728611.9810867,$GPGGA,42.33792833333334,-71.08522500000001,13.6,328219.74792704615,1.6,1013.0,4689402.911465372,19,T
1675728612.9786932,$GPGGA,42.337920000000004,-71.08523666666666,13.9,328218.76409828116,1.6,1014.0,4689402.009681721,19,T
1675728613.9790103,$GPGGA,42.33791333333333,-71.08524833333333,13.9,328217.7848076811,1.6,1015.0,4689401.2929688115,19,T
1675728614.9781713,$GPGGA,42.33790666666667,-71.08526,13.9,328216.8055168794,1.6,1016.0,4689400.576256034,19,T
1675728615.978816,$GPGGA,42.337896666666666,-71.08527000000001,14.0,328215.954454273,1.6,1017.0,4689399.486035047,19,T
1675728616.9802387,$GPGGA,42.33788833333333,-71.08528,14.0,328215.10792989284,1.7,1018.0,4689398.580884766,19,T
1675728617.9796631,$GPGGA,42.33788,-71.08529166666668,14.1,328214.1240999309,1.7,1019.0,4689397.679101738,19,T
1675728618.9792948,$GPGGA,42.337875000000004,-71.08530666666667,14.0,328212.87473603524,1.7,1020.0,4689397.154194414,19,T
1675728619.979299,$GPGGA,42.33788333333334,-71.08533000000001,14.0,328210.97515374294,1.7,1021.0,4689398.12668824,19,T
1675728620.979374,$GPGGA,42.33788833333333,-71.08534833333333,14.1,328209.4784107158,1.7,1022.0,4689398.718939623,19,T
1675728621.9798598,$GPGGA,42.337896666666666,-71.08536833333332,14.1,328207.85343994154,1.7,1023.0,4689399.684699836,19,T
1675728622.9782202,$GPGGA,42.337900000000005,-71.08538666666666,14.2,328206.3521587638,1.7,1024.0,4689400.091881294,19,T
1675728623.9788628,$GPGGA,42.337905,-71.08540666666666,14.2,328204.7181111921,1.7,1025.0,4689400.68750103,19,T
1675728624.97922,$GPGGA,42.33790666666667,-71.08542333333334,14.3,328203.3495968863,1.7,1026.0,4689400.906245191,19,T
1675728625.9800382,$GPGGA,42.337909999999994,-71.08544,14.3,328201.9856214854,1.7,1027.0,4689401.310060233,19,T
1675728626.9797869,$GPGGA,42.337909999999994,-71.08545666666667,14.5,328200.6125684889,1.7,1028.0,4689401.34373432,19,T
1675728627.9787989,$GPGGA,42.33790833333334,-71.08547166666668,14.7,328199.3722818876,1.7,1029.0,4689401.188970618,19,T
1675728628.9966671,$GPGGA,42.337905,-71.08548666666667,15.1,328198.127456285,1.7,1030.0,4689400.849136517,19,T
1675728629.9973183,$GPGGA,42.337900000000005,-71.0855,15.4,328197.0153969094,1.7,1031.0,4689400.320864531,19,T
1675728630.9973633,$GPGGA,42.337896666666666,-71.085515,16.0,328195.7705710172,1.7,1032.0,4689399.981030844,19,T
1675728631.9974449,$GPGGA,42.33789333333334,-71.08552833333333,16.5,328194.6630503359,1.7,1033.0,4689399.6378298355,19,T
1675728632.9981005,$GPGGA,42.33788666666666,-71.08554166666666,16.7,328193.5464514275,1.7,1034.0,4689398.9244877715,19,T
1675728633.9986172,$GPGGA,42.33788,-71.08555166666666,17.2,328192.7044630225,1.7,1035.0,4689398.204410725,19,T
1675728634.9983141,$GPGGA,42.33787166666666,-71.08556333333333,17.7,328191.72062996426,1.7,1036.0,4689397.302630753,19,T
1675728635.9819486,$GPGGA,42.33786333333334,-71.085575,18.0,328190.7367966549,1.7,1037.0,4689396.400850916,19,T
1675728636.9809847,$GPGGA,42.337853333333335,-71.08558500000001,18.1,328189.8857293695,1.7,1038.0,4689395.310632966,19,T
1675728637.9803884,$GPGGA,42.33784833333334,-71.08559833333334,18.1,328188.77366845566,1.7,1039.0,4689394.782362248,19,T
1675728638.9800568,$GPGGA,42.33784166666666,-71.08561,18.4,328187.7943736152,1.7,1040.0,4689394.065653417,19,T
1675728639.980998,$GPGGA,42.337835,-71.08562166666667,18.6,328186.8150785731,1.7,1041.0,4689393.348944718,19,T
1675728640.981922,$GPGGA,42.337830000000004,-71.085635,19.0,328185.70301710453,1.7,1042.0,4689392.8206744725,19,T
1675728641.9819376,$GPGGA,42.33782666666666,-71.08564666666666,19.3,328184.7328002221,1.7,1043.0,4689392.4741072785,19,T
1675728642.982648,$GPGGA,42.337819999999994,-71.08565666666667,19.6,328183.89081013144,1.7,1044.0,4689391.754031248,19,T
1675728643.979554,$GPGGA,42.33781166666666,-71.08566833333333,19.9,328182.90697503684,1.7,1045.0,4689390.852252464,19,T
1675728644.9817533,$GPGGA,42.337804999999996,-71.08568,20.2,328181.92767903605,1.7,1046.0,4689390.135544425,19,T
1675728645.9809003,$GPGGA,42.33779833333333,-71.08569166666666,20.2,328180.9483828336,1.7,1047.0,4689389.418836516,19,T
1675728646.9821577,$GPGGA,42.33779,-71.085705,20.2,328179.8272414682,1.7,1048.0,4689388.520425948,19,T
1675728647.9847007,$GPGGA,42.33778166666666,-71.08571666666667,20.0,328178.8434053977,1.7,1049.0,4689387.6186477095,19,T
1675728648.9825342,$GPGGA,42.33777499999999,-71.08573,19.9,328177.7268029307,1.7,1050.0,4689386.905308077,19,T
1675728649.981315,$GPGGA,42.33777,-71.08574333333333,19.7,328176.614739715,1.7,1051.0,4689386.377039228,19,T
1675728650.9811788,$GPGGA,42.337763333333335,-71.08575666666667,19.8,328175.4981368125,1.7,1052.0,4689385.663699939,19,T
1675728651.9817038,$GPGGA,42.33775833333334,-71.08577,19.5,328174.3860732225,1.7,1053.0,4689385.135431433,19,T
1675728652.9819276,$GPGGA,42.337755,-71.08578333333334,19.4,328173.2785490223,1.7,1054.0,4689384.792233712,19,T
1675728653.9831917,$GPGGA,42.33774833333334,-71.085795,19.2,328172.2992511684,1.7,1055.0,4689384.0755269695,19,T
1675728654.982442,$GPGGA,42.337740000000004,-71.08580333333333,19.3,328171.59002484364,1.7,1056.0,4689383.167013781,19,T
1675728655.980413,$GPGGA,42.33772999999999,-71.08580833333333,18.9,328171.15087009885,1.7,1057.0,4689382.066694064,19,T
1675728656.9815748,$GPGGA,42.33772166666666,-71.08582,18.7,328170.1670320081,1.7,1058.0,4689381.164916993,19,T
1675728657.9828098,$GPGGA,42.33771333333334,-71.08583166666668,18.4,328169.18319366616,1.7,1059.0,4689380.263140055,19,T
1675728658.9826396,$GPGGA,42.33770666666666,-71.08584166666667,17.9,328168.3412005146,1.7,1100.0,4689379.543065816,19,T
1675728659.984672,$GPGGA,42.33769833333334,-71.08585,17.5,328167.6319732419,1.7,1101.0,4689378.634553006,19,T
1675728660.9826288,$GPGGA,42.33768833333333,-71.08585666666666,17.4,328167.0555118504,1.7,1102.0,4689377.537601584,19,T
1675728661.9835224,$GPGGA,42.33768,-71.08586666666666,17.0,328166.2089784186,1.7,1103.0,4689376.632456976,19,T
1675728662.9835246,$GPGGA,42.337673333333335,-71.08587666666668,16.5,328165.3669845342,1.7,1104.0,4689375.912383076,19,T
1675728663.9829657,$GPGGA,42.33766666666667,-71.08588833333333,16.1,328164.3876846468,1.7,1105.0,4689375.195677388,19,T
1675728664.983893,$GPGGA,42.33765833333334,-71.08590000000001,15.8,328163.4038447399,1.7,1106.0,4689374.293901223,19,T
1675728665.9837253,$GPGGA,42.33764833333333,-71.08590666666667,15.5,328162.8273823676,3.0,1107.0,4689373.196950124,19,T
1675728666.981796,$GPGGA,42.33763833333334,-71.08591500000001,15.0,328162.1136139275,3.0,1108.0,4689372.103367231,19,T
1675728667.98149,$GPGGA,42.33763166666666,-71.08592833333334,14.7,328160.9970072733,3.0,1109.0,4689371.390030157,19,T
1675728668.9835699,$GPGGA,42.337626666666665,-71.08594,14.5,328160.0222462078,3.0,1110.0,4689370.858395662,19,T
1675728669.986704,$GPGGA,42.33762166666667,-71.08595166666667,14.2,328159.04748499044,3.0,1111.0,4689370.326761301,19,T
1675728670.9839296,$GPGGA,42.33761666666666,-71.08596166666666,14.0,328158.21002956544,3.0,1112.0,4689369.791758834,19,T
1675728671.9844239,$GPGGA,42.33761,-71.08597166666667,13.7,328157.36803404277,3.0,1113.0,4689369.071685854,19,T
1675728672.9836297,$GPGGA,42.33760166666666,-71.08598166666667,13.6,328156.5214983609,1.7,1114.0,4689368.16654236,19,T
1675728673.9836314,$GPGGA,42.33759499999999,-71.08599166666666,13.4,328155.67950247414,3.0,1115.0,4689367.446469574,19,T
1675728674.9831126,$GPGGA,42.33758666666666,-71.08600166666666,13.3,328154.8329663861,3.0,1116.0,4689366.541326274,19,T
1675728675.9813104,$GPGGA,42.33757833333334,-71.08601166666668,13.2,328153.9864300812,3.0,1117.0,4689365.636183075,19,T
1675728676.9821212,$GPGGA,42.33757166666666,-71.08601999999999,13.2,328153.2817396753,3.1,1118.0,4689364.912742246,19,T
1675728677.984984,$GPGGA,42.337565,-71.08602833333333,13.1,328152.5770491263,3.1,1119.0,4689364.189301488,19,T
1675728678.982787,$GPGGA,42.33755666666666,-71.08603666666666,13.0,328151.8678183314,1.7,1120.0,4689363.280790187,19,T
1675728679.9999256,$GPGGA,42.33754833333334,-71.08604666666666,12.9,328151.0212812666,3.1,1121.0,4689362.375647326,19,T
1675728680.9993834,$GPGGA,42.33754166666666,-71.08605666666668,12.8,328150.1792841276,1.7,1122.0,4689361.655575169,19,T
1675728681.9999917,$GPGGA,42.337534999999995,-71.08606833333333,12.9,328149.19998070155,1.7,1123.0,4689360.938871516,19,T
1675728682.9995108,$GPGGA,42.33752666666666,-71.08607833333333,13.1,328148.35344301444,1.7,1124.0,4689360.03372896,19,T
1675728683.998979,$GPGGA,42.33752,-71.08608833333332,13.3,328147.5114453265,1.7,1125.0,4689359.313657109,19,T
1675728685.0005243,$GPGGA,42.337515,-71.0861,13.4,328146.53668153036,1.7,1126.0,4689358.782024423,19,T
1675728685.9998953,$GPGGA,42.33750833333333,-71.08610999999999,13.4,328145.6946835041,3.1,1127.0,4689358.061952783,19,T
1675728686.9836125,$GPGGA,42.33750333333334,-71.08611833333333,13.4,328144.99453177507,3.1,1128.0,4689357.523583359,19,T
1675728687.982742,$GPGGA,42.33749833333333,-71.08613,13.4,328144.01976753556,3.1,1129.0,4689356.991951009,19,T
1675728688.9822755,$GPGGA,42.337493333333335,-71.08614333333334,13.4,328142.90769692766,3.1,1130.0,4689356.463687317,19,T
1675728689.9868028,$GPGGA,42.33748833333334,-71.08615499999999,13.4,328141.93293237133,1.7,1131.0,4689355.932055252,19,T
1675728690.985248,$GPGGA,42.33748333333333,-71.08616333333333,13.7,328141.2327801337,1.7,1132.0,4689355.39368619,19,T
1675728691.9850118,$GPGGA,42.33747666666667,-71.08617166666666,13.9,328140.5280873984,1.7,1133.0,4689354.670246588,19,T
1675728692.9855008,$GPGGA,42.33747,-71.08617833333332,14.1,328139.9607007854,1.7,1134.0,4689353.94343847,19,T
1675728693.984066,$GPGGA,42.33746333333333,-71.08619,14.3,328138.981395218,1.7,1135.0,4689353.22673619,19,T
1675728694.9835014,$GPGGA,42.33745666666667,-71.08619999999999,14.4,328138.1393957458,1.7,1136.0,4689352.506665421,19,T
1675728695.9842958,$GPGGA,42.337450000000004,-71.08621166666667,14.5,328137.16008979175,1.7,1137.0,4689351.789963385,19,T
1675728696.986027,$GPGGA,42.337444999999995,-71.08622333333332,14.5,328136.18532413745,1.7,1138.0,4689351.258332088,19,T
1675728697.9857829,$GPGGA,42.33743833333333,-71.08623166666666,14.5,328135.48063047265,1.7,1139.0,4689350.534892972,19,T
1675728698.984995,$GPGGA,42.33743166666667,-71.08624166666667,14.4,328134.6386303152,1.7,1140.0,4689349.814822606,19,T
1675728699.984919,$GPGGA,42.33742666666667,-71.08624833333333,14.3,328134.07578326575,1.7,1141.0,4689349.273085548,19,T
1675728700.9860747,$GPGGA,42.33742,-71.08625166666667,14.4,328133.78300830774,1.7,1142.0,4689348.539540514,19,T
1675728701.9856427,$GPGGA,42.33741499999999,-71.08626,14.3,328133.08285471005,1.7,1143.0,4689348.001172233,19,T
1675728702.9850802,$GPGGA,42.33741166666667,-71.08627,14.8,328132.24993520346,1.7,1144.0,4689347.651243358,19,T
1675728703.9842224,$GPGGA,42.33740666666666,-71.08628,14.8,328131.4124749901,1.7,1145.0,4689347.116243971,19,T
1675728704.985942,$GPGGA,42.337401666666665,-71.08629166666667,14.9,328130.4377082338,1.7,1146.0,4689346.584613446,19,T
1675728705.9877503,$GPGGA,42.33739333333333,-71.08630166666667,15.0,328129.5911664205,1.7,1147.0,4689345.679473054,19,T
1675728706.9845042,$GPGGA,42.33738666666667,-71.08631166666667,15.0,328128.7491650791,1.7,1148.0,4689344.959403367,19,T
1675728707.984871,$GPGGA,42.33738333333334,-71.086325,14.9,328127.64163207053,1.7,1149.0,4689344.616212626,19,T
1675728708.9860578,$GPGGA,42.33737833333333,-71.08633499999999,14.8,328126.80417113425,1.7,1150.0,4689344.08121377,19,T
1675728709.9858103,$GPGGA,42.33737333333333,-71.086345,14.8,328125.96671006817,1.7,1151.0,4689343.546215014,19,T
1675728710.988616,$GPGGA,42.337365,-71.086355,14.7,328125.12016731326,1.7,1152.0,4689342.641075137,19,T
1675728711.9856164,$GPGGA,42.337356666666665,-71.08636666666666,14.5,328124.1363178297,1.7,1153.0,4689341.7393042445,19,T
1675728712.985921,$GPGGA,42.33735,-71.08637666666667,14.3,328123.2943154502,1.7,1154.0,4689341.019235187,19,T
1675728713.986494,$GPGGA,42.33733666666667,-71.086385,14.0,328122.5714560717,1.7,1155.0,4689339.55551488,19,T
1675728714.9859562,$GPGGA,42.33732166666667,-71.08639,13.9,328122.1186687313,1.7,1156.0,4689337.8999861805,19,T
1675728715.9891126,$GPGGA,42.337309999999995,-71.08639833333334,13.7,328121.4003496978,1.7,1157.0,4689336.621336591,19,T
1675728716.9862254,$GPGGA,42.337295,-71.086405,13.8,328120.81025529595,1.7,1158.0,4689334.969176909,19,T
1675728717.98653,$GPGGA,42.33728666666666,-71.086415,13.7,328119.96371089283,1.7,1159.0,4689334.064037617,19,T
1675728718.9860027,$GPGGA,42.33727666666667,-71.08642166666667,13.5,328119.38723872835,1.7,1200.0,4689332.9670898635,19,T
1675728719.9876661,$GPGGA,42.33726,-71.08642666666667,13.4,328118.92990939505,1.7,1201.0,4689331.126490746,19,T
1675728720.9886594,$GPGGA,42.33724666666667,-71.08643333333333,13.2,328118.34435497987,1.7,1202.0,4689329.659401861,19,T
1675728721.9879117,$GPGGA,42.33723,-71.08643833333333,13.0,328117.8870252244,1.7,1203.0,4689327.818802806,19,T
1675728722.9870784,$GPGGA,42.33721166666666,-71.08644166666666,12.9,328117.56246113556,1.7,1204.0,4689325.789764168,19,T
1675728723.9880443,$GPGGA,42.3372,-71.08644666666667,12.9,328117.1187538932,1.7,1205.0,4689324.504376975,19,T
1675728724.9886105,$GPGGA,42.33719333333333,-71.08645666666666,12.8,328116.27674882166,1.7,1206.0,4689323.784308697,19,T
1675728725.9881296,$GPGGA,42.33719166666666,-71.08646833333334,13.2,328115.3110597228,1.7,1207.0,4689323.622821372,19,T
1675728726.9870203,$GPGGA,42.337180000000004,-71.08647500000001,13.8,328114.7300450569,1.7,1208.0,4689322.340803367,19,T
1675728727.986745,$GPGGA,42.337176666666664,-71.08648666666666,14.2,328113.7598146672,1.7,1209.0,4689321.9942456465,19,T
1675728728.9882588,$GPGGA,42.33717333333334,-71.08649833333334,14.4,328112.7895841758,1.7,1210.0,4689321.647688058,19,T
1675728729.989595,$GPGGA,42.33717,-71.08650833333333,14.7,328111.95666050445,1.7,1211.0,4689321.297761486,19,T
1675728731.0055475,$GPGGA,42.33716666666666,-71.08652000000001,14.8,328110.98642981687,1.7,1212.0,4689320.951204142,19,T
1675728732.004213,$GPGGA,42.337163333333336,-71.08653333333334,14.8,328109.878892091,1.7,1213.0,4689320.608016084,19,T
1675728733.005093,$GPGGA,42.33716166666667,-71.08654499999999,14.8,328108.91320237203,1.7,1214.0,4689320.446529624,19,T
1675728734.0051265,$GPGGA,42.33715666666667,-71.08655666666667,14.9,328107.93843019445,1.7,1215.0,4689319.914902092,19,T
1675728735.005883,$GPGGA,42.337153333333326,-71.08656666666667,15.1,328107.105506049,1.7,1216.0,4689319.564976084,19,T
1675728736.0049071,$GPGGA,42.33714833333333,-71.08657666666666,15.2,328106.2680405753,1.7,1217.0,4689319.029979568,19,T
1675728737.0055518,$GPGGA,42.33714166666667,-71.086585,15.3,328105.56334068935,1.7,1218.0,4689318.306543308,19,T
1675728737.9892676,$GPGGA,42.33713666666666,-71.086595,15.6,328104.7258749433,1.7,1219.0,4689317.771546969,19,T
1675728738.9881203,$GPGGA,42.337131666666664,-71.08660666666667,15.5,328103.7511020636,1.7,1220.0,4689317.2399200015,19,T
1675728739.9879692,$GPGGA,42.337129999999995,-71.08661833333333,15.9,328102.78541169834,1.7,1221.0,4689317.07843437,19,T
1675728740.9893205,$GPGGA,42.33712666666667,-71.08662833333332,15.9,328101.9524869393,1.7,1222.0,4689316.728508959,19,T
1675728741.9895055,$GPGGA,42.33712333333333,-71.08663666666666,15.9,328101.25686911575,1.7,1223.0,4689316.3752143225,19,T
1675728742.989246,$GPGGA,42.33712333333333,-71.08664833333334,15.9,328100.29571995,1.7,1224.0,4689316.398799635,19,T
1675728743.989105,$GPGGA,42.337125,-71.08666,16.2,328099.3391122103,1.7,1225.0,4689316.60745568,19,T
1675728744.9892583,$GPGGA,42.33712333333333,-71.08667,16.4,328098.5107286475,1.7,1226.0,4689316.4426012775,19,T
1675728745.9898412,$GPGGA,42.33712166666666,-71.08667833333334,16.9,328097.81965206517,1.7,1227.0,4689316.27437758,19,T
1675728746.988477,$GPGGA,42.33712333333333,-71.08669166666667,17.3,328096.72573733865,1.7,1228.0,4689316.486403376,19,T
1675728747.9875252,$GPGGA,42.33712333333333,-71.08670333333333,17.6,328095.7645881718,1.7,1229.0,4689316.509989309,19,T
1675728748.9891958,$GPGGA,42.33712333333333,-71.086715,18.0,328094.80343900644,1.7,1230.0,4689316.533575376,19,T
1675728749.9899566,$GPGGA,42.337120000000006,-71.08672333333334,18.2,328094.1078207638,1.7,1231.0,4689316.180281438,19,T
1675728750.9891868,$GPGGA,42.33711666666667,-71.08673166666668,18.5,328093.4122024488,1.7,1232.0,4689315.826987566,19,T
1675728751.989242,$GPGGA,42.33711,-71.08673833333334,18.8,328092.8448079263,1.7,1233.0,4689315.100183069,19,T
1675728752.9888535,$GPGGA,42.337105,-71.08674666666667,19.2,328092.1446478304,1.7,1234.0,4689314.561818713,19,T
1675728753.990317,$GPGGA,42.33709999999999,-71.086755,19.3,328091.44448762864,1.7,1235.0,4689314.023454425,19,T
1675728754.9892073,$GPGGA,42.33709333333333,-71.08676333333332,19.1,328090.7397856717,1.7,1236.0,4689313.3000195995,19,T
1675728755.9884112,$GPGGA,42.337086666666664,-71.08676999999999,19.2,328090.17239067494,1.7,1237.0,4689312.573215305,19,T
1675728756.989262,$GPGGA,42.33708166666667,-71.08677666666668,19.1,328089.609537235,1.7,1238.0,4689312.03148166,19,T
1675728757.9888082,$GPGGA,42.337075000000006,-71.08678333333334,18.8,328089.0421420261,1.7,1239.0,4689311.304677453,19,T
1675728758.9899845,$GPGGA,42.33706666666667,-71.08679166666667,18.9,328088.33289785305,1.7,1240.0,4689310.396172253,19,T
1675728759.98923,$GPGGA,42.33706,-71.08679833333333,18.7,328087.76550238754,1.7,1241.0,4689309.669368143,19,T
1675728760.9897966,$GPGGA,42.33705499999999,-71.08680666666667,18.3,328087.0653413655,1.7,1242.0,4689309.131004272,19,T
1675728761.9906766,$GPGGA,42.33705,-71.08681499999999,18.2,328086.3651802355,1.7,1243.0,4689308.592640469,19,T
1675728762.9893093,$GPGGA,42.337045,-71.08682166666668,18.0,328085.80232619017,1.7,1244.0,4689308.0509071145,19,T
1675728763.9891193,$GPGGA,42.33703833333334,-71.08682833333334,17.7,328085.23493028106,1.7,1245.0,4689307.324103199,19,T
1675728764.9905605,$GPGGA,42.33703166666666,-71.08683666666667,17.3,328084.53022703185,1.7,1246.0,4689306.600668966,19,T
1675728765.990677,$GPGGA,42.337025,-71.08684666666666,17.3,328083.68821640103,1.7,1247.0,4689305.88060446,19,T
1675728766.9924405,$GPGGA,42.33702,-71.08685666666666,17.1,328082.85074743984,1.7,1248.0,4689305.345610654,19,T
1675728767.989934,$GPGGA,42.337016666666656,-71.08685999999999,17.0,328082.5670492408,1.7,1249.0,4689304.982208802,19,T
1675728768.9907382,$GPGGA,42.33701166666666,-71.08686166666666,16.9,328082.41611642716,1.7,1250.0,4689304.430366677,19,T
1675728769.990281,$GPGGA,42.337005,-71.086865,17.0,328082.1233344514,1.7,1251.0,4689303.696823637,19,T
1675728770.9901395,$GPGGA,42.33699333333334,-71.08686333333334,17.2,328082.22884875315,1.7,1252.0,4689302.397959732,19,T
1675728771.993339,$GPGGA,42.33698666666666,-71.08686333333334,17.1,328082.21068133763,1.7,1253.0,4689301.657677322,19,T
1675728772.9905,$GPGGA,42.33698,-71.08686833333333,17.0,328081.7805919128,1.7,1254.0,4689300.927503983,19,T
1675728773.991365,$GPGGA,42.336975,-71.08687166666667,16.9,328081.4923516247,1.7,1255.0,4689300.37903157,19,T
1675728774.9912474,$GPGGA,42.33697,-71.08687666666667,16.7,328081.0668039338,1.7,1256.0,4689299.833928873,19,T
1675728775.9912624,$GPGGA,42.33696499999999,-71.08688333333333,16.6,328080.5039488113,1.7,1257.0,4689299.292195914,19,T
1675728776.991559,$GPGGA,42.33696,-71.08689166666666,16.6,328079.8037862205,1.7,1258.0,4689298.753832733,19,T
1675728777.9916465,$GPGGA,42.336953333333334,-71.08689833333332,16.7,328079.236388986,1.7,1259.0,4689298.027029271,19,T
1675728778.991046,$GPGGA,42.33694666666667,-71.08690666666666,16.8,328078.53168423,1.7,1300.0,4689297.303595608,19,T
1675728779.991472,$GPGGA,42.336940000000006,-71.08691333333333,16.8,328077.96428675286,1.7,1301.0,4689296.576792245,19,T
1675728781.0085504,$GPGGA,42.33693333333334,-71.08691833333334,16.8,328077.5341966002,1.7,1302.0,4689295.846619149,19,T
1675728782.0089383,$GPGGA,42.33692666666668,-71.08692500000001,16.9,328076.96679891157,1.7,1303.0,4689295.119815862,19,T
1675728783.0076065,$GPGGA,42.33692166666666,-71.08693166666667,16.5,328076.4039431033,1.7,1304.0,4689294.578083215,19,T
1675728784.009159,$GPGGA,42.336915,-71.086935,16.1,328076.11116016004,1.7,1305.0,4689293.844540408,19,T
1675728784.9926615,$GPGGA,42.336906666666664,-71.08694,15.9,328075.67652764986,1.7,1306.0,4689292.929296818,19,T
1675728786.0102391,$GPGGA,42.3369,-71.08694833333334,15.6,328074.97182203503,1.7,1307.0,4689292.205863491,19,T
1675728787.0093791,$GPGGA,42.336896666666675,-71.08695833333333,15.3,328074.1388928557,1.7,1308.0,4689291.855941271,19,T
1675728787.9922435,$GPGGA,42.336893333333336,-71.08696833333333,15.1,328073.3059635893,1.7,1309.0,4689291.506019148,19,T
1675728789.0103679,$GPGGA,42.33688833333334,-71.08697666666667,14.9,328072.60579967545,1.7,1310.0,4689290.96765665,19,T
1675728789.9935977,$GPGGA,42.336885,-71.08698166666666,14.7,328072.18479285645,1.7,1311.0,4689290.607625064,19,T
1675728790.993408,$GPGGA,42.336883333333326,-71.086985,14.5,328071.90563565574,1.7,1312.0,4689290.42929422,19,T
1675728791.9933739,$GPGGA,42.33688,-71.08699,14.4,328071.4846287685,1.7,1313.0,4689290.069262674,19,T
1675728792.993339,$GPGGA,42.33687666666666,-71.08699666666666,14.3,328070.9263142753,1.7,1314.0,4689289.712601049,19,T
1675728793.9927402,$GPGGA,42.33687333333334,-71.08700333333333,14.2,328070.36799972237,1.7,1315.0,4689289.355939473,19,T
1675728794.9926178,$GPGGA,42.33686833333333,-71.08700999999999,14.2,328069.80514294887,1.7,1316.0,4689288.814207333,19,T
1675728795.99316,$GPGGA,42.336865,-71.08701833333333,14.1,328069.1095206778,1.7,1317.0,4689288.460915774,19,T
1675728796.993792,$GPGGA,42.33685833333334,-71.087025,14.0,328068.54212154285,1.7,1318.0,4689287.7341131335,19,T
1675728797.9947557,$GPGGA,42.336855,-71.087035,14.0,328067.70919148624,1.7,1319.0,4689287.384191654,19,T
1675728798.9932024,$GPGGA,42.336850000000005,-71.087045,13.9,328066.8717191052,1.7,1320.0,4689286.84919967,19,T
1675728799.9939003,$GPGGA,42.336846666666666,-71.08705499999999,13.7,328066.0387888551,1.7,1321.0,4689286.499278384,19,T
1675728800.9955664,$GPGGA,42.33684166666667,-71.08706333333333,13.8,328065.3386238774,1.7,1322.0,4689285.960916586,19,T
1675728801.9950576,$GPGGA,42.33683666666668,-71.08707333333334,13.7,328064.5011511389,1.7,1323.0,4689285.4259248795,19,T
1675728802.9972534,$GPGGA,42.33682999999999,-71.08708166666666,13.7,328063.7964436207,1.7,1324.0,4689284.702492625,19,T
1675728803.9940236,$GPGGA,42.336825,-71.08709333333333,13.6,328062.821662936,1.7,1325.0,4689284.170871149,19,T
1675728804.995678,$GPGGA,42.33682,-71.08710333333333,13.5,328061.98418978864,1.7,1326.0,4689283.63587973,19,T
1675728805.9957516,$GPGGA,42.33681333333334,-71.08711333333333,13.6,328061.14217412414,1.7,1327.0,4689282.91581781,19,T
1675728806.9951572,$GPGGA,42.33680833333333,-71.08712333333332,13.7,328060.30470069556,1.7,1328.0,4689282.380826582,19,T
1675728807.994863,$GPGGA,42.3368,-71.08713166666666,13.7,328059.5954500191,1.7,1329.0,4689281.472324136,19,T
1675728808.9958007,$GPGGA,42.33679666666667,-71.08714,13.8,328058.89982647845,1.7,1330.0,4689281.119033556,19,T
1675728809.9947107,$GPGGA,42.33678833333333,-71.08715166666666,14.3,328057.9159599827,1.7,1331.0,4689280.217271537,19,T
1675728810.9939072,$GPGGA,42.33678333333334,-71.08716166666666,14.4,328057.07848597947,1.7,1332.0,4689279.682280683,19,T
1675728811.9932141,$GPGGA,42.33677833333333,-71.08717166666666,14.8,328056.24101184844,1.7,1333.0,4689279.147289924,19,T
1675728812.9942255,$GPGGA,42.336771666666664,-71.08718166666667,14.9,328055.39899505716,1.7,1334.0,4689278.427228665,19,T
1675728813.9945738,$GPGGA,42.336765,-71.08719166666667,14.9,328054.55697809334,1.7,1335.0,4689277.707167502,19,T
1675728814.9949555,$GPGGA,42.336758333333336,-71.0872,14.8,328053.8522687836,1.7,1336.0,4689276.983736207,19,T
1675728815.9955363,$GPGGA,42.33675166666667,-71.08721,15.2,328053.0102514896,1.7,1337.0,4689276.26367522,19,T
1675728816.9971116,$GPGGA,42.33674666666668,-71.08721999999999,15.9,328052.1727766347,1.7,1338.0,4689275.728684933,19,T
1675728817.9963121,$GPGGA,42.33674333333333,-71.08723,16.1,328051.33984427876,1.7,1339.0,4689275.378765335,19,T
1675728818.996739,$GPGGA,42.33673833333334,-71.08723833333333,16.2,328050.63967705145,1.7,1340.0,4689274.84040495,19,T
1675728819.9961333,$GPGGA,42.33673166666667,-71.08724833333333,16.8,328049.7976591671,1.7,1341.0,4689274.120344334,19,T
1675728820.9972527,$GPGGA,42.33672833333333,-71.08725666666666,17.2,328049.1020343851,1.7,1342.0,4689273.767054695,19,T
1675728821.9984176,$GPGGA,42.33672333333334,-71.08726499999999,18.0,328048.4018668231,1.7,1343.0,4689273.228694524,19,T
1675728822.9975805,$GPGGA,42.336713333333336,-71.087275,18.6,328047.550763061,1.7,1344.0,4689272.138492969,19,T
1675728823.995124,$GPGGA,42.33670666666667,-71.08728500000001,18.6,328046.70874453936,1.7,1345.0,4689271.418432709,19,T
1675728824.995866,$GPGGA,42.3367,-71.087295,18.4,328045.8667258452,1.7,1346.0,4689270.698372546,19,T
1675728826.0018914,$GPGGA,42.33669499999999,-71.087305,18.4,328045.0292497667,1.7,1347.0,4689270.163383076,19,T
1675728826.9950342,$GPGGA,42.33668833333333,-71.08731666666667,18.3,328044.04992277105,1.7,1348.0,4689269.446693521,19,T
1675728827.9961052,$GPGGA,42.33668333333333,-71.08732666666667,18.1,328043.21244640043,1.7,1349.0,4689268.911704264,19,T
1675728828.9965258,$GPGGA,42.33667666666667,-71.08733666666667,17.9,328042.3704270444,1.7,1350.0,4689268.191644506,19,T
1675728829.9967842,$GPGGA,42.336671666666675,-71.08734833333332,18.1,328041.39564238035,1.7,1351.0,4689267.660025905,19,T
1675728830.997988,$GPGGA,42.336664999999996,-71.08735666666666,18.4,328040.69093071495,1.7,1352.0,4689266.936595875,19,T
1675728832.0143068,$GPGGA,42.336658333333325,-71.087365,18.3,328039.9862189021,1.7,1353.0,4689266.213165909,19,T
1675728832.9986749,$GPGGA,42.33665333333333,-71.08737500000001,18.2,328039.148741831,1.7,1354.0,4689265.67817712,19,T
1675728833.9990072,$GPGGA,42.336648333333336,-71.08738333333334,18.2,328038.4485726914,1.7,1355.0,4689265.139817903,19,T
1675728834.9969363,$GPGGA,42.33664666666667,-71.087395,18.2,328037.48287326086,1.7,1356.0,4689264.978341027,19,T
1675728835.9966135,$GPGGA,42.33664166666667,-71.08739833333334,18.9,328037.19462815725,1.7,1357.0,4689264.4298703205,19,T
1675728836.9979844,$GPGGA,42.33663833333333,-71.08740666666667,19.1,328036.49900174886,1.7,1358.0,4689264.076581891,19,T
1675728838.0143132,$GPGGA,42.33662833333333,-71.08741,19.5,328036.1971274947,1.7,1359.0,4689262.972899424,19,T
1675728838.997251,$GPGGA,42.336619999999996,-71.08741666666667,19.7,328035.62517992535,1.7,1400.0,4689262.061028716,19,T
1675728839.9985278,$GPGGA,42.336613333333325,-71.087425,19.8,328034.920467117,1.7,1401.0,4689261.3375992365,19,T
1675728841.0160596,$GPGGA,42.336603333333336,-71.08743,20.1,328034.4812843653,1.7,1402.0,4689260.23728743,19,T
1675728841.9987657,$GPGGA,42.336595,-71.08743833333332,20.4,328033.77202818834,1.7,1403.0,4689259.328787462,19,T
1675728843.014439,$GPGGA,42.33658666666667,-71.08744499999999,20.7,328033.2000800356,1.7,1404.0,4689258.4169169385,19,T
1675728844.013304,$GPGGA,42.336581666666675,-71.08745166666667,20.8,328032.6372179382,1.7,1405.0,4689257.875187655,19,T
1675728844.9985278,$GPGGA,42.33656666666668,-71.087455,21.4,328032.3217135602,1.7,1406.0,4689256.21629355,19,T
1675728845.9989066,$GPGGA,42.33655999999999,-71.08746500000001,21.4,328031.4796915953,1.7,1407.0,4689255.496235031,19,T
1675728847.0146677,$GPGGA,42.33655666666667,-71.08748,21.2,328030.23483095877,1.7,1408.0,4689255.156429828,19,T
1675728847.9978445,$GPGGA,42.336578333333335,-71.08751166666666,20.0,328027.68503590545,1.7,1409.0,4689257.62639096,19,T
1675728848.999143,$GPGGA,42.33659833333333,-71.08754166666667,19.1,328025.2680075404,1.7,1410.0,4689259.9079117,19,T
1675728849.9988356,$GPGGA,42.33661,-71.087565,18.4,328023.3774965381,1.7,1411.0,4689261.250597049,19,T
1675728850.9989386,$GPGGA,42.336613333333325,-71.08758333333334,18.1,328021.8761936727,1.7,1412.0,4689261.657817382,19,T
1675728851.9996824,$GPGGA,42.336615,-71.08759833333333,17.9,328020.6449638142,1.7,1413.0,4689261.873225701,19,T
1675728853.0158293,$GPGGA,42.336615,-71.08761,18.0,328019.68380684505,1.7,1414.0,4689261.896821853,19,T
1675728853.999265,$GPGGA,42.336615,-71.08762166666666,18.1,328018.7226498731,1.7,1415.0,4689261.920418139,19,T
1675728854.999414,$GPGGA,42.336615,-71.08762833333334,18.2,328018.17341731687,1.7,1416.0,4689261.933901789,19,T
1675728855.9997857,$GPGGA,42.33661666666667,-71.08763,18.4,328018.040652668,1.7,1417.0,4689262.122343309,19,T
1675728856.9994583,$GPGGA,42.33661666666667,-71.08762833333334,18.5,328018.17796080455,1.7,1418.0,4689262.118972389,19,T
