Time,header,latitude,longitude,altitude,utm_easting,HDOP,UTC,utm_northing,zone,letter
1675729483.5746634,$GPGGA,42.33895833333333,-71.08474,29.2,328262.50784205925,2.0,2445.0,4689516.305411442,19,T
1675729484.5727575,$GPGGA,42.33895833333333,-71.08474,29.2,328262.50784205925,2.0,2446.0,4689516.305411442,19,T
1675729485.5731444,$GPGGA,42.33895833333333,-71.08474,29.1,328262.50784205925,2.0,2447.0,4689516.305411442,19,T
1675729486.5723872,$GPGGA,42.33895833333333,-71.08474,29.1,328262.50784205925,2.0,2448.0,4689516.305411442,19,T
1675729487.5735557,$GPGGA,42.33895833333333,-71.08474,29.0,328262.50784205925,2.0,2449.0,4689516.305411442,19,T
1675729488.5746539,$GPGGA,42.338956666666675,-71.08474,28.9,328262.50330465904,2.0,2450.0,4689516.120340808,19,T
1675729489.5730095,$GPGGA,42.338956666666675,-71.08474,28.9,328262.50330465904,2.0,2451.0,4689516.120340808,19,T
1675729490.5721755,$GPGGA,42.338956666666675,-71.08474,28.8,328262.50330465904,2.0,2452.0,4689516.120340808,19,T
1675729491.5891285,$GPGGA,42.338956666666675,-71.08474166666666,28.8,328262.3660016443,2.0,2453.0,4689516.123707085,19,T
1675729492.5733473,$GPGGA,42.338956666666675,-71.08474166666666,28.7,328262.3660016443,2.0,2454.0,4689516.123707085,19,T
1675729493.5906672,$GPGGA,42.338956666666675,-71.08474166666666,28.6,328262.3660016443,2.0,2455.0,4689516.123707085,19,T
1675729494.5896668,$GPGGA,42.338956666666675,-71.08474166666666,28.6,328262.3660016443,2.0,2456.0,4689516.123707085,19,T
1675729495.5731728,$GPGGA,42.338955000000006,-71.08474166666666,28.5,328262.3614642405,2.0,2457.0,4689515.938636451,19,T
1675729496.5905867,$GPGGA,42.338955000000006,-71.08474166666666,28.4,328262.3614642405,2.0,2458.0,4689515.938636451,19,T
1675729497.590167,$GPGGA,42.338955000000006,-71.08474166666666,28.3,328262.3614642405,2.0,2459.0,4689515.938636451,19,T
1675729498.5738616,$GPGGA,42.338955000000006,-71.08474166666666,28.2,328262.3614642405,2.0,2500.0,4689515.938636451,19,T
1675729499.5745578,$GPGGA,42.338955000000006,-71.08474333333334,28.2,328262.2241612221,2.0,2501.0,4689515.94200273,19,T
1675729500.590796,$GPGGA,42.33895333333333,-71.08474333333334,28.1,328262.21962381474,2.0,2502.0,4689515.756932095,19,T
1675729501.574459,$GPGGA,42.33895333333333,-71.08474333333334,28.0,328262.21962381474,2.0,2503.0,4689515.756932095,19,T
1675729502.591126,$GPGGA,42.33895333333333,-71.08474333333334,27.9,328262.21962381474,2.0,2504.0,4689515.756932095,19,T
1675729503.5737364,$GPGGA,42.33895333333333,-71.08474333333334,27.8,328262.21962381474,2.0,2505.0,4689515.756932095,19,T
1675729504.571371,$GPGGA,42.33895333333333,-71.08474333333334,27.8,328262.21962381474,2.1,2506.0,4689515.756932095,19,T
1675729505.5730393,$GPGGA,42.33895333333333,-71.08474333333334,27.7,328262.21962381474,2.1,2507.0,4689515.756932095,19,T
1675729506.5748029,$GPGGA,42.33895166666666,-71.08474333333334,27.6,328262.2150864076,2.1,2508.0,4689515.571861461,19,T
1675729507.572588,$GPGGA,42.33895166666666,-71.08474333333334,27.6,328262.2150864076,2.1,2509.0,4689515.571861461,19,T
1675729508.5765126,$GPGGA,42.33895166666666,-71.08474500000001,27.5,328262.07778338203,2.1,2510.0,4689515.575227742,19,T
1675729509.5731661,$GPGGA,42.33895166666666,-71.08474500000001,27.5,328262.07778338203,2.1,2511.0,4689515.575227742,19,T
1675729510.5761065,$GPGGA,42.33895166666666,-71.08474500000001,27.4,328262.07778338203,2.0,2512.0,4689515.575227742,19,T
1675729511.5772996,$GPGGA,42.33895166666666,-71.08474500000001,27.3,328262.07778338203,2.0,2513.0,4689515.575227742,19,T
1675729512.5751982,$GPGGA,42.33895166666666,-71.08474500000001,27.3,328262.07778338203,2.0,2514.0,4689515.575227742,19,T
1675729513.5750644,$GPGGA,42.338950000000004,-71.08474500000001,27.2,328262.0732459714,2.0,2515.0,4689515.39015711,19,T
1675729514.5744562,$GPGGA,42.338950000000004,-71.08474500000001,27.2,328262.0732459714,2.0,2516.0,4689515.39015711,19,T
1675729515.5732255,$GPGGA,42.338950000000004,-71.08474500000001,27.1,328262.0732459714,2.1,2517.0,4689515.39015711,19,T
1675729516.5724804,$GPGGA,42.338950000000004,-71.08474500000001,27.1,328262.0732459714,2.1,2518.0,4689515.39015711,19,T
1675729517.5740724,$GPGGA,42.338950000000004,-71.08474500000001,27.0,328262.0732459714,2.1,2519.0,4689515.39015711,19,T
1675729518.573696,$GPGGA,42.338950000000004,-71.08474500000001,27.0,328262.0732459714,2.1,2520.0,4689515.39015711,19,T
1675729519.5782075,$GPGGA,42.338950000000004,-71.08474500000001,26.9,328262.0732459714,2.1,2521.0,4689515.39015711,19,T
1675729520.5739198,$GPGGA,42.338948333333335,-71.08474500000001,26.8,328262.0687085609,2.1,2522.0,4689515.205086476,19,T
1675729521.5740728,$GPGGA,42.338948333333335,-71.08474500000001,26.8,328262.0687085609,2.1,2523.0,4689515.205086476,19,T
1675729522.5741234,$GPGGA,42.338948333333335,-71.08474500000001,26.7,328262.0687085609,2.1,2524.0,4689515.205086476,19,T
1675729523.5742936,$GPGGA,42.338948333333335,-71.08474500000001,26.6,328262.0687085609,3.4,2525.0,4689515.205086476,19,T
1675729524.5739546,$GPGGA,42.338948333333335,-71.08474666666666,26.6,328261.9314055322,3.4,2526.0,4689515.20845276,19,T
1675729525.5736604,$GPGGA,42.338948333333335,-71.08474666666666,26.5,328261.9314055322,3.4,2527.0,4689515.20845276,19,T
1675729526.5745516,$GPGGA,42.338946666666665,-71.08474666666666,26.4,328261.92686811823,3.4,2528.0,4689515.023382126,19,T
1675729527.574881,$GPGGA,42.338946666666665,-71.08474666666666,26.4,328261.92686811823,3.4,2529.0,4689515.023382126,19,T
1675729528.5743656,$GPGGA,42.338946666666665,-71.08474666666666,26.3,328261.92686811823,3.4,2530.0,4689515.023382126,19,T
1675729529.5762093,$GPGGA,42.338946666666665,-71.08474666666666,26.2,328261.92686811823,2.1,2531.0,4689515.023382126,19,T
1675729530.575769,$GPGGA,42.338946666666665,-71.08474666666666,26.2,328261.92686811823,2.1,2532.0,4689515.023382126,19,T
1675729531.5756416,$GPGGA,42.338946666666665,-71.08474666666666,26.1,328261.92686811823,3.4,2533.0,4689515.023382126,19,T
1675729532.5734391,$GPGGA,42.338944999999995,-71.08474666666666,26.0,328261.9223307044,3.4,2534.0,4689514.8383114915,19,T
1675729533.574393,$GPGGA,42.338944999999995,-71.08474666666666,26.0,328261.9223307044,3.4,2535.0,4689514.8383114915,19,T
1675729534.5743098,$GPGGA,42.338944999999995,-71.08474666666666,25.9,328261.9223307044,3.4,2536.0,4689514.8383114915,19,T
1675729535.5750582,$GPGGA,42.338944999999995,-71.08474666666666,25.8,328261.9223307044,2.1,2537.0,4689514.8383114915,19,T
1675729536.5755866,$GPGGA,42.338944999999995,-71.08474666666666,25.8,328261.9223307044,2.1,2538.0,4689514.8383114915,19,T
1675729537.57633,$GPGGA,42.338944999999995,-71.08474666666666,25.7,328261.9223307044,2.1,2539.0,4689514.8383114915,19,T
1675729538.5757551,$GPGGA,42.338943333333326,-71.08474833333334,25.6,328261.78049024695,2.1,2540.0,4689514.656607146,19,T
1675729539.5753539,$GPGGA,42.338943333333326,-71.08474833333334,25.6,328261.78049024695,2.1,2541.0,4689514.656607146,19,T
1675729540.5760288,$GPGGA,42.338943333333326,-71.08474833333334,25.5,328261.78049024695,2.1,2542.0,4689514.656607146,19,T
1675729541.5770009,$GPGGA,42.338943333333326,-71.08474833333334,25.4,328261.78049024695,2.1,2543.0,4689514.656607146,19,T
1675729542.5921404,$GPGGA,42.338943333333326,-71.08474833333334,25.4,328261.78049024695,2.1,2544.0,4689514.656607146,19,T
1675729543.576297,$GPGGA,42.338943333333326,-71.08474833333334,25.3,328261.78049024695,2.1,2545.0,4689514.656607146,19,T
1675729544.592092,$GPGGA,42.33894166666667,-71.08474833333334,25.3,328261.7759528298,2.1,2546.0,4689514.471536512,19,T
1675729545.5924885,$GPGGA,42.33894166666667,-71.08474833333334,25.2,328261.7759528298,2.1,2547.0,4689514.471536512,19,T
1675729546.5934265,$GPGGA,42.33894166666667,-71.08474833333334,25.1,328261.7759528298,2.1,2548.0,4689514.471536512,19,T
1675729547.5916843,$GPGGA,42.33894166666667,-71.08474833333334,25.1,328261.7759528298,2.1,2549.0,4689514.471536512,19,T
1675729548.5928063,$GPGGA,42.33894166666667,-71.08474833333334,25.0,328261.7759528298,2.1,2550.0,4689514.471536512,19,T
1675729549.576438,$GPGGA,42.33894166666667,-71.08474833333334,25.0,328261.7759528298,2.1,2551.0,4689514.471536512,19,T
1675729550.577232,$GPGGA,42.33894,-71.08474833333334,24.9,328261.7714154128,3.4,2552.0,4689514.286465879,19,T
1675729551.5950794,$GPGGA,42.33894,-71.08474833333334,24.8,328261.7714154128,3.4,2553.0,4689514.286465879,19,T
1675729552.5762048,$GPGGA,42.33894,-71.08474833333334,24.8,328261.7714154128,3.4,2554.0,4689514.286465879,19,T
1675729553.5948567,$GPGGA,42.33894,-71.08474833333334,24.7,328261.7714154128,3.4,2555.0,4689514.286465879,19,T
1675729554.576816,$GPGGA,42.33894,-71.08474833333334,24.7,328261.7714154128,3.4,2556.0,4689514.286465879,19,T
1675729555.5762515,$GPGGA,42.33894,-71.08474833333334,24.6,328261.7714154128,2.1,2557.0,4689514.286465879,19,T
1675729556.5758574,$GPGGA,42.33893833333333,-71.08474833333334,24.5,328261.7668779959,2.1,2558.0,4689514.101395245,19,T
1675729557.5762377,$GPGGA,42.33893833333333,-71.08474833333334,24.5,328261.7668779959,2.1,2559.0,4689514.101395245,19,T
1675729558.5765176,$GPGGA,42.33893833333333,-71.08475,24.4,328261.6295749432,2.1,2600.0,4689514.104761535,19,T
1675729559.5775216,$GPGGA,42.33893833333333,-71.08475,24.4,328261.6295749432,2.1,2601.0,4689514.104761535,19,T
1675729560.5775225,$GPGGA,42.33893833333333,-71.08475,24.3,328261.6295749432,2.1,2602.0,4689514.104761535,19,T
1675729561.5765576,$GPGGA,42.33893833333333,-71.08475,24.3,328261.6295749432,2.1,2603.0,4689514.104761535,19,T
1675729562.5773897,$GPGGA,42.33893666666666,-71.08475,24.2,328261.6250375229,2.1,2604.0,4689513.919690901,19,T
1675729563.5772376,$GPGGA,42.33893666666666,-71.08475,24.2,328261.6250375229,2.1,2605.0,4689513.919690901,19,T
1675729564.5838628,$GPGGA,42.33893666666666,-71.08475,24.1,328261.6250375229,2.1,2606.0,4689513.919690901,19,T
1675729565.578262,$GPGGA,42.33893666666666,-71.08475,24.1,328261.6250375229,2.1,2607.0,4689513.919690901,19,T
1675729566.5770338,$GPGGA,42.33893666666666,-71.08475,24.1,328261.6250375229,2.1,2608.0,4689513.919690901,19,T
1675729567.5799894,$GPGGA,42.33893666666666,-71.08475,24.0,328261.6250375229,2.1,2609.0,4689513.919690901,19,T
1675729568.5778623,$GPGGA,42.338935000000006,-71.08475,24.0,328261.62050010276,2.1,2610.0,4689513.734620268,19,T
1675729569.5775435,$GPGGA,42.338935000000006,-71.08475,23.9,328261.62050010276,2.1,2611.0,4689513.734620268,19,T
1675729570.5785298,$GPGGA,42.338935000000006,-71.08475,23.9,328261.62050010276,3.4,2612.0,4689513.734620268,19,T
1675729571.5796752,$GPGGA,42.338935000000006,-71.08475,23.8,328261.62050010276,3.4,2613.0,4689513.734620268,19,T
1675729572.579004,$GPGGA,42.338935000000006,-71.08475,23.8,328261.62050010276,3.4,2614.0,4689513.734620268,19,T
1675729573.5781453,$GPGGA,42.338935000000006,-71.08475,23.7,328261.62050010276,3.4,2615.0,4689513.734620268,19,T
1675729574.5778737,$GPGGA,42.338935000000006,-71.08475,23.7,328261.62050010276,3.4,2616.0,4689513.734620268,19,T
1675729575.5785422,$GPGGA,42.33893333333334,-71.08475,23.6,328261.61596268276,3.4,2617.0,4689513.549549634,19,T
1675729576.579038,$GPGGA,42.33893333333334,-71.08475,23.6,328261.61596268276,3.4,2618.0,4689513.549549634,19,T
1675729577.5804257,$GPGGA,42.33893333333334,-71.08475,23.6,328261.61596268276,3.4,2619.0,4689513.549549634,19,T
1675729578.5796509,$GPGGA,42.33893333333334,-71.08475,23.5,328261.61596268276,3.4,2620.0,4689513.549549634,19,T
1675729579.577624,$GPGGA,42.33893333333334,-71.08475,23.5,328261.61596268276,3.4,2621.0,4689513.549549634,19,T
1675729580.5768137,$GPGGA,42.33893333333334,-71.08475,23.4,328261.61596268276,3.4,2622.0,4689513.549549634,19,T
1675729581.5785732,$GPGGA,42.33893333333334,-71.08475,23.4,328261.61596268276,2.1,2623.0,4689513.549549634,19,T
1675729582.5791585,$GPGGA,42.33893166666667,-71.08475,23.4,328261.6114252628,2.1,2624.0,4689513.364479001,19,T
1675729583.5797927,$GPGGA,42.33893166666667,-71.08475,23.3,328261.6114252628,2.1,2625.0,4689513.364479001,19,T
1675729584.5784032,$GPGGA,42.33893166666667,-71.08475,23.3,328261.6114252628,2.1,2626.0,4689513.364479001,19,T
1675729585.5794187,$GPGGA,42.33893166666667,-71.08475,23.3,328261.6114252628,2.1,2627.0,4689513.364479001,19,T
1675729586.5797737,$GPGGA,42.33893166666667,-71.08475,23.2,328261.6114252628,2.1,2628.0,4689513.364479001,19,T
1675729587.580157,$GPGGA,42.33893166666667,-71.08475,23.2,328261.6114252628,2.1,2629.0,4689513.364479001,19,T
1675729588.5802844,$GPGGA,42.33893,-71.08475,23.2,328261.6068878431,2.1,2630.0,4689513.179408367,19,T
1675729589.580342,$GPGGA,42.33893,-71.08475,23.1,328261.6068878431,2.1,2631.0,4689513.179408367,19,T
1675729590.5792716,$GPGGA,42.33893,-71.08475,23.1,328261.6068878431,2.1,2632.0,4689513.179408367,19,T
1675729591.578333,$GPGGA,42.33893,-71.08475,23.1,328261.6068878431,2.1,2633.0,4689513.179408367,19,T
1675729592.5950425,$GPGGA,42.33893,-71.08475,23.0,328261.6068878431,3.4,2634.0,4689513.179408367,19,T
1675729593.578152,$GPGGA,42.33893,-71.08475,23.0,328261.6068878431,3.4,2635.0,4689513.179408367,19,T
1675729594.5942593,$GPGGA,42.33893,-71.08475,23.0,328261.6068878431,3.4,2636.0,4689513.179408367,19,T
1675729595.5788813,$GPGGA,42.33892833333333,-71.08475,22.9,328261.6023504235,3.4,2637.0,4689512.994337734,19,T
1675729596.5947945,$GPGGA,42.33892833333333,-71.08475,22.9,328261.6023504235,3.4,2638.0,4689512.994337734,19,T
1675729597.5790656,$GPGGA,42.33892833333333,-71.08475,22.9,328261.6023504235,3.4,2639.0,4689512.994337734,19,T
1675729598.5977616,$GPGGA,42.33892833333333,-71.08475,22.9,328261.6023504235,2.1,2640.0,4689512.994337734,19,T
1675729599.5981739,$GPGGA,42.33892833333333,-71.08475,22.8,328261.6023504235,2.1,2641.0,4689512.994337734,19,T
1675729600.5812123,$GPGGA,42.33892833333333,-71.08475,22.8,328261.6023504235,2.1,2642.0,4689512.994337734,19,T
1675729601.5817971,$GPGGA,42.33892666666667,-71.08475,22.8,328261.59781300405,2.1,2643.0,4689512.809267101,19,T
1675729602.597211,$GPGGA,42.33892666666667,-71.08475,22.7,328261.59781300405,2.1,2644.0,4689512.809267101,19,T
1675729603.5807922,$GPGGA,42.33892666666667,-71.08475,22.7,328261.59781300405,2.1,2645.0,4689512.809267101,19,T
1675729604.598298,$GPGGA,42.33892666666667,-71.08475,22.7,328261.59781300405,2.1,2646.0,4689512.809267101,19,T
1675729605.5804536,$GPGGA,42.33892666666667,-71.08475,22.7,328261.59781300405,2.1,2647.0,4689512.809267101,19,T
1675729606.5807009,$GPGGA,42.33892666666667,-71.08475,22.6,328261.59781300405,2.1,2648.0,4689512.809267101,19,T
1675729607.581866,$GPGGA,42.33892666666667,-71.08475,22.6,328261.59781300405,2.1,2649.0,4689512.809267101,19,T
1675729608.580743,$GPGGA,42.338925,-71.08475,22.7,328261.59327558475,2.1,2650.0,4689512.624196467,19,T
1675729609.5824585,$GPGGA,42.338925,-71.08475,22.7,328261.59327558475,2.1,2651.0,4689512.624196467,19,T
1675729610.5828054,$GPGGA,42.338925,-71.08474833333334,22.7,328261.73057866644,2.1,2652.0,4689512.620830176,19,T
1675729611.5820334,$GPGGA,42.338925,-71.08474833333334,22.7,328261.73057866644,2.1,2653.0,4689512.620830176,19,T
1675729612.5825787,$GPGGA,42.338925,-71.08474833333334,22.8,328261.73057866644,2.1,2654.0,4689512.620830176,19,T
1675729613.5829098,$GPGGA,42.338923333333334,-71.08474833333334,22.8,328261.72604125086,2.1,2655.0,4689512.435759543,19,T
1675729614.5824416,$GPGGA,42.338923333333334,-71.08474833333334,22.8,328261.72604125086,2.1,2656.0,4689512.435759543,19,T
1675729615.581637,$GPGGA,42.338923333333334,-71.08474833333334,22.7,328261.72604125086,2.1,2657.0,4689512.435759543,19,T
1675729616.5832126,$GPGGA,42.338923333333334,-71.08474833333334,22.7,328261.72604125086,2.1,2658.0,4689512.435759543,19,T
1675729617.5809913,$GPGGA,42.338923333333334,-71.08474833333334,22.7,328261.72604125086,2.1,2659.0,4689512.435759543,19,T
1675729618.5808232,$GPGGA,42.338923333333334,-71.08474833333334,22.6,328261.72604125086,2.1,2700.0,4689512.435759543,19,T
1675729619.5818615,$GPGGA,42.338923333333334,-71.08474833333334,22.6,328261.72604125086,3.4,2701.0,4689512.435759543,19,T
1675729620.5818484,$GPGGA,42.338921666666664,-71.08474833333334,22.6,328261.7215038355,3.4,2702.0,4689512.25068891,19,T
1675729621.584329,$GPGGA,42.338921666666664,-71.08474833333334,22.5,328261.7215038355,3.4,2703.0,4689512.25068891,19,T
1675729622.5819333,$GPGGA,42.338921666666664,-71.08474833333334,22.5,328261.7215038355,2.1,2704.0,4689512.25068891,19,T
1675729623.5816581,$GPGGA,42.338921666666664,-71.08474833333334,22.5,328261.7215038355,2.1,2705.0,4689512.25068891,19,T
1675729624.581689,$GPGGA,42.338921666666664,-71.08474833333334,22.4,328261.7215038355,2.1,2706.0,4689512.25068891,19,T
1675729625.5844913,$GPGGA,42.338921666666664,-71.08474833333334,22.4,328261.7215038355,2.1,2707.0,4689512.25068891,19,T
1675729626.582829,$GPGGA,42.33892000000001,-71.08474833333334,22.4,328261.7169664203,2.1,2708.0,4689512.0656182775,19,T
1675729627.5825818,$GPGGA,42.33892000000001,-71.08474833333334,22.3,328261.7169664203,2.1,2709.0,4689512.0656182775,19,T
1675729628.5826323,$GPGGA,42.33892000000001,-71.08474833333334,22.3,328261.7169664203,2.1,2710.0,4689512.0656182775,19,T
1675729629.5820081,$GPGGA,42.33892000000001,-71.08474833333334,22.3,328261.7169664203,2.1,2711.0,4689512.0656182775,19,T
1675729630.5824046,$GPGGA,42.33892000000001,-71.08474833333334,22.2,328261.7169664203,2.1,2712.0,4689512.0656182775,19,T
1675729631.5874376,$GPGGA,42.33892000000001,-71.08474833333334,22.2,328261.7169664203,2.1,2713.0,4689512.0656182775,19,T
1675729632.5827048,$GPGGA,42.33891833333334,-71.08474833333334,22.2,328261.7124290052,2.1,2714.0,4689511.880547644,19,T
1675729633.5825098,$GPGGA,42.33891833333334,-71.08474833333334,22.1,328261.7124290052,2.2,2715.0,4689511.880547644,19,T
1675729634.5834105,$GPGGA,42.33891833333334,-71.08474833333334,22.1,328261.7124290052,2.2,2716.0,4689511.880547644,19,T
1675729635.5829532,$GPGGA,42.33891833333334,-71.08474833333334,22.1,328261.7124290052,2.2,2717.0,4689511.880547644,19,T
1675729636.5828125,$GPGGA,42.33891833333334,-71.08474833333334,22.0,328261.7124290052,2.2,2718.0,4689511.880547644,19,T
1675729637.5840812,$GPGGA,42.33891833333334,-71.08474833333334,22.0,328261.7124290052,2.2,2719.0,4689511.880547644,19,T
1675729638.583363,$GPGGA,42.33891666666667,-71.08474833333334,22.0,328261.70789159025,2.2,2720.0,4689511.695477011,19,T
1675729639.5829077,$GPGGA,42.33891666666667,-71.08474833333334,21.9,328261.70789159025,2.2,2721.0,4689511.695477011,19,T
1675729640.5844007,$GPGGA,42.33891666666667,-71.08474833333334,21.9,328261.70789159025,2.2,2722.0,4689511.695477011,19,T
1675729641.587434,$GPGGA,42.33891666666667,-71.08474833333334,21.9,328261.70789159025,2.2,2723.0,4689511.695477011,19,T
1675729642.5841212,$GPGGA,42.33891666666667,-71.08474833333334,21.8,328261.70789159025,2.2,2724.0,4689511.695477011,19,T
1675729643.6013799,$GPGGA,42.33891666666667,-71.08474833333334,21.8,328261.70789159025,2.2,2725.0,4689511.695477011,19,T
1675729644.5851119,$GPGGA,42.33891666666667,-71.08474833333334,21.8,328261.70789159025,2.2,2726.0,4689511.695477011,19,T
1675729645.6012394,$GPGGA,42.338915,-71.08474666666666,21.7,328261.84065728105,2.2,2727.0,4689511.507040091,19,T
1675729646.5870028,$GPGGA,42.338915,-71.08474666666666,21.7,328261.84065728105,3.3,2728.0,4689511.507040091,19,T
1675729647.600646,$GPGGA,42.338915,-71.08474666666666,21.7,328261.84065728105,3.3,2729.0,4689511.507040091,19,T
1675729648.5856335,$GPGGA,42.338915,-71.08474666666666,21.6,328261.84065728105,3.3,2730.0,4689511.507040091,19,T
1675729649.601243,$GPGGA,42.338915,-71.08474666666666,21.6,328261.84065728105,3.3,2731.0,4689511.507040091,19,T
1675729650.6011574,$GPGGA,42.338915,-71.08474666666666,21.6,328261.84065728105,3.3,2732.0,4689511.507040091,19,T
1675729651.582483,$GPGGA,42.338915,-71.08474666666666,21.5,328261.84065728105,3.3,2733.0,4689511.507040091,19,T
1675729652.5816216,$GPGGA,42.338915,-71.08474666666666,21.5,328261.84065728105,3.3,2734.0,4689511.507040091,19,T
1675729653.5991583,$GPGGA,42.33891333333333,-71.08474666666666,21.5,328261.83611986996,3.3,2735.0,4689511.321969457,19,T
1675729654.5860505,$GPGGA,42.33891333333333,-71.08474666666666,21.4,328261.83611986996,2.2,2736.0,4689511.321969457,19,T
1675729655.6022801,$GPGGA,42.33891333333333,-71.08474666666666,21.4,328261.83611986996,2.2,2737.0,4689511.321969457,19,T
1675729656.5853193,$GPGGA,42.33891333333333,-71.08474666666666,21.4,328261.83611986996,2.2,2738.0,4689511.321969457,19,T
1675729657.5821717,$GPGGA,42.33891333333333,-71.08474666666666,21.3,328261.83611986996,3.3,2739.0,4689511.321969457,19,T
1675729658.5836487,$GPGGA,42.33891333333333,-71.08474666666666,21.3,328261.83611986996,2.2,2740.0,4689511.321969457,19,T
1675729659.5849931,$GPGGA,42.33891333333333,-71.08474666666666,21.2,328261.83611986996,2.2,2741.0,4689511.321969457,19,T
1675729660.5843449,$GPGGA,42.33891333333333,-71.08474666666666,21.2,328261.83611986996,2.2,2742.0,4689511.321969457,19,T
1675729661.5897307,$GPGGA,42.338911666666675,-71.08474666666666,21.2,328261.83158245916,2.2,2743.0,4689511.136898826,19,T
1675729662.584135,$GPGGA,42.338911666666675,-71.08474833333334,21.1,328261.6942793463,2.2,2744.0,4689511.140265113,19,T
1675729663.587072,$GPGGA,42.338911666666675,-71.08474833333334,21.1,328261.6942793463,2.2,2745.0,4689511.140265113,19,T
1675729664.587743,$GPGGA,42.338911666666675,-71.08474833333334,21.1,328261.6942793463,2.2,2746.0,4689511.140265113,19,T
1675729665.5848546,$GPGGA,42.338911666666675,-71.08474833333334,21.0,328261.6942793463,2.2,2747.0,4689511.140265113,19,T
1675729666.5859876,$GPGGA,42.338911666666675,-71.08474833333334,21.0,328261.6942793463,2.2,2748.0,4689511.140265113,19,T
1675729667.585483,$GPGGA,42.338911666666675,-71.08474833333334,21.0,328261.6942793463,2.2,2749.0,4689511.140265113,19,T
1675729668.584492,$GPGGA,42.338911666666675,-71.08474833333334,21.0,328261.6942793463,2.2,2750.0,4689511.140265113,19,T
1675729669.584426,$GPGGA,42.338911666666675,-71.08474833333334,20.9,328261.6942793463,2.2,2751.0,4689511.140265113,19,T
1675729670.585586,$GPGGA,42.338911666666675,-71.08474833333334,20.9,328261.6942793463,2.2,2752.0,4689511.140265113,19,T
1675729671.5851386,$GPGGA,42.338911666666675,-71.08474833333334,20.9,328261.6942793463,2.2,2753.0,4689511.140265113,19,T
1675729672.58385,$GPGGA,42.338910000000006,-71.08474833333334,20.8,328261.689741932,2.2,2754.0,4689510.955194481,19,T
1675729673.5898678,$GPGGA,42.338910000000006,-71.08474833333334,20.8,328261.689741932,2.2,2755.0,4689510.955194481,19,T
1675729674.5853584,$GPGGA,42.338910000000006,-71.08474833333334,20.8,328261.689741932,2.2,2756.0,4689510.955194481,19,T
1675729675.584771,$GPGGA,42.338910000000006,-71.08474833333334,20.7,328261.689741932,2.2,2757.0,4689510.955194481,19,T
1675729676.5849595,$GPGGA,42.338910000000006,-71.08474833333334,20.7,328261.689741932,2.2,2758.0,4689510.955194481,19,T
1675729677.5860069,$GPGGA,42.338910000000006,-71.08474833333334,20.7,328261.689741932,2.2,2759.0,4689510.955194481,19,T
1675729678.5849352,$GPGGA,42.338910000000006,-71.08474833333334,20.7,328261.689741932,2.2,2800.0,4689510.955194481,19,T
1675729679.5879953,$GPGGA,42.338910000000006,-71.08474833333334,20.6,328261.689741932,2.2,2801.0,4689510.955194481,19,T
1675729680.5869427,$GPGGA,42.338910000000006,-71.08474833333334,20.6,328261.689741932,2.2,2802.0,4689510.955194481,19,T
1675729681.5826802,$GPGGA,42.338910000000006,-71.08474666666666,20.7,328261.8270450484,2.2,2803.0,4689510.951828193,19,T
1675729682.5838118,$GPGGA,42.33890833333333,-71.08474666666666,20.0,328261.8225076378,2.2,2804.0,4689510.766757558,19,T
1675729683.589409,$GPGGA,42.338890000000006,-71.08475333333334,18.0,328261.2233834949,2.2,2805.0,4689508.744445765,19,T
1675729684.5868504,$GPGGA,42.338890000000006,-71.08475333333334,18.0,328261.2233834949,2.2,2806.0,4689508.744445765,19,T
1675729685.5859413,$GPGGA,42.338890000000006,-71.08475333333334,18.0,328261.2233834949,2.2,2807.0,4689508.744445765,19,T
1675729686.5875833,$GPGGA,42.338890000000006,-71.08475333333334,18.0,328261.2233834949,2.2,2808.0,4689508.744445765,19,T
1675729687.5874443,$GPGGA,42.338890000000006,-71.08475333333334,18.0,328261.2233834949,2.2,2809.0,4689508.744445765,19,T
1675729688.588631,$GPGGA,42.338890000000006,-71.08475333333334,18.0,328261.2233834949,2.2,2810.0,4689508.744445765,19,T
1675729689.5863893,$GPGGA,42.338890000000006,-71.08475333333334,18.0,328261.2233834949,2.2,2811.0,4689508.744445765,19,T
1675729690.584749,$GPGGA,42.338890000000006,-71.08475333333334,18.0,328261.2233834949,3.3,2812.0,4689508.744445765,19,T
1675729691.5881267,$GPGGA,42.338890000000006,-71.08475333333334,18.0,328261.2233834949,3.3,2813.0,4689508.744445765,19,T
1675729692.5874858,$GPGGA,42.338890000000006,-71.08475333333334,18.0,328261.2233834949,3.3,2814.0,4689508.744445765,19,T
1675729693.5885928,$GPGGA,42.338890000000006,-71.08475333333334,17.9,328261.2233834949,3.3,2815.0,4689508.744445765,19,T
1675729694.60157,$GPGGA,42.338890000000006,-71.08475333333334,17.9,328261.2233834949,3.3,2816.0,4689508.744445765,19,T
1675729695.5861115,$GPGGA,42.338890000000006,-71.08475333333334,17.9,328261.2233834949,3.3,2817.0,4689508.744445765,19,T
1675729696.603001,$GPGGA,42.33888833333334,-71.08475333333334,17.9,328261.21884607157,3.3,2818.0,4689508.5593751315,19,T
1675729697.605542,$GPGGA,42.33888833333334,-71.08475333333334,17.9,328261.21884607157,3.3,2819.0,4689508.5593751315,19,T
1675729698.5852575,$GPGGA,42.33888833333334,-71.08475333333334,17.9,328261.21884607157,3.3,2820.0,4689508.5593751315,19,T
1675729699.5885403,$GPGGA,42.33888833333334,-71.08475333333334,17.9,328261.21884607157,3.3,2821.0,4689508.5593751315,19,T
1675729700.590776,$GPGGA,42.33888833333334,-71.08475333333334,17.9,328261.21884607157,3.3,2822.0,4689508.5593751315,19,T
1675729701.5869472,$GPGGA,42.33888833333334,-71.08475333333334,17.9,328261.21884607157,3.3,2823.0,4689508.5593751315,19,T
1675729702.5872724,$GPGGA,42.33888833333334,-71.08475333333334,17.9,328261.21884607157,3.3,2824.0,4689508.5593751315,19,T
1675729703.5902617,$GPGGA,42.33888833333334,-71.08475333333334,17.9,328261.21884607157,3.3,2825.0,4689508.5593751315,19,T
1675729704.5877903,$GPGGA,42.33888833333334,-71.08475333333334,17.9,328261.21884607157,3.3,2826.0,4689508.5593751315,19,T
1675729705.5936456,$GPGGA,42.33888833333334,-71.08475333333334,17.9,328261.21884607157,2.2,2827.0,4689508.5593751315,19,T
1675729706.605009,$GPGGA,42.33888833333334,-71.08475333333334,17.9,328261.21884607157,2.2,2828.0,4689508.5593751315,19,T
1675729707.5888476,$GPGGA,42.33888833333334,-71.08475333333334,17.9,328261.21884607157,2.2,2829.0,4689508.5593751315,19,T
1675729708.5889254,$GPGGA,42.33888833333334,-71.08475333333334,17.9,328261.21884607157,2.2,2830.0,4689508.5593751315,19,T
1675729709.5895414,$GPGGA,42.33888833333334,-71.08475333333334,17.9,328261.21884607157,2.2,2831.0,4689508.5593751315,19,T
1675729710.6063223,$GPGGA,42.33888833333334,-71.08475333333334,17.9,328261.21884607157,2.2,2832.0,4689508.5593751315,19,T
1675729711.5893598,$GPGGA,42.33888833333334,-71.08475333333334,17.9,328261.21884607157,2.2,2833.0,4689508.5593751315,19,T
1675729712.5896046,$GPGGA,42.33888833333334,-71.08475333333334,17.8,328261.21884607157,2.2,2834.0,4689508.5593751315,19,T
1675729713.6058743,$GPGGA,42.33888833333334,-71.08475333333334,17.8,328261.21884607157,2.2,2835.0,4689508.5593751315,19,T
1675729714.5916414,$GPGGA,42.33888833333334,-71.08475333333334,17.8,328261.21884607157,2.2,2836.0,4689508.5593751315,19,T
1675729715.5918632,$GPGGA,42.33888833333334,-71.08475333333334,17.8,328261.21884607157,2.2,2837.0,4689508.5593751315,19,T
1675729716.5911937,$GPGGA,42.33888833333334,-71.08475333333334,17.8,328261.21884607157,2.2,2838.0,4689508.5593751315,19,T
1675729717.5914114,$GPGGA,42.33888833333334,-71.08475333333334,17.8,328261.21884607157,2.2,2839.0,4689508.5593751315,19,T
1675729718.5903537,$GPGGA,42.33888833333334,-71.08475333333334,17.8,328261.21884607157,2.2,2840.0,4689508.5593751315,19,T
1675729719.591613,$GPGGA,42.33888833333334,-71.08475333333334,17.8,328261.21884607157,2.2,2841.0,4689508.5593751315,19,T
1675729720.6075232,$GPGGA,42.33888833333334,-71.08475333333334,17.8,328261.21884607157,2.2,2842.0,4689508.5593751315,19,T
1675729721.5915966,$GPGGA,42.33888833333334,-71.08475333333334,17.8,328261.21884607157,2.2,2843.0,4689508.5593751315,19,T
1675729722.592267,$GPGGA,42.33888833333334,-71.08475333333334,17.8,328261.21884607157,3.3,2844.0,4689508.5593751315,19,T
1675729723.589624,$GPGGA,42.33888666666667,-71.08475333333334,17.7,328261.2143086483,3.3,2845.0,4689508.3743044995,19,T
1675729724.5896351,$GPGGA,42.33888666666667,-71.08475333333334,17.7,328261.2143086483,3.3,2846.0,4689508.3743044995,19,T
1675729725.588684,$GPGGA,42.33888666666667,-71.08475333333334,17.7,328261.2143086483,3.3,2847.0,4689508.3743044995,19,T
1675729726.590144,$GPGGA,42.33888666666667,-71.08475333333334,17.7,328261.2143086483,2.2,2848.0,4689508.3743044995,19,T
1675729727.5923853,$GPGGA,42.33888666666667,-71.08475333333334,17.7,328261.2143086483,2.2,2849.0,4689508.3743044995,19,T
1675729728.590556,$GPGGA,42.33888666666667,-71.08475333333334,17.7,328261.2143086483,2.2,2850.0,4689508.3743044995,19,T
1675729729.591263,$GPGGA,42.33888666666667,-71.08475333333334,17.7,328261.2143086483,2.2,2851.0,4689508.3743044995,19,T
1675729730.6028204,$GPGGA,42.33888666666667,-71.08475333333334,17.7,328261.2143086483,2.2,2852.0,4689508.3743044995,19,T
1675729731.5909731,$GPGGA,42.33888666666667,-71.08475333333334,17.7,328261.2143086483,2.2,2853.0,4689508.3743044995,19,T
1675729732.591622,$GPGGA,42.33888666666667,-71.08475333333334,17.7,328261.2143086483,2.2,2854.0,4689508.3743044995,19,T
1675729733.5925,$GPGGA,42.33888666666667,-71.08475333333334,17.6,328261.2143086483,2.2,2855.0,4689508.3743044995,19,T
1675729734.5912318,$GPGGA,42.33888666666667,-71.08475333333334,17.6,328261.2143086483,2.2,2856.0,4689508.3743044995,19,T
1675729735.591494,$GPGGA,42.33888666666667,-71.08475333333334,17.6,328261.2143086483,2.2,2857.0,4689508.3743044995,19,T
1675729736.5932362,$GPGGA,42.338885,-71.08475333333334,17.6,328261.2097712252,2.2,2858.0,4689508.189233867,19,T
1675729737.594677,$GPGGA,42.338885,-71.08475333333334,17.6,328261.2097712252,2.2,2859.0,4689508.189233867,19,T
1675729738.5932481,$GPGGA,42.338885,-71.08475333333334,17.6,328261.2097712252,2.2,2900.0,4689508.189233867,19,T
1675729739.5933282,$GPGGA,42.338885,-71.08475333333334,17.6,328261.2097712252,2.2,2901.0,4689508.189233867,19,T
1675729740.593876,$GPGGA,42.338885,-71.08475333333334,17.6,328261.2097712252,2.2,2902.0,4689508.189233867,19,T
1675729741.5922725,$GPGGA,42.338885,-71.08475333333334,17.6,328261.2097712252,2.2,2903.0,4689508.189233867,19,T
1675729742.5945618,$GPGGA,42.338885,-71.08475333333334,17.6,328261.2097712252,2.2,2904.0,4689508.189233867,19,T
1675729743.5930161,$GPGGA,42.338885,-71.08475333333334,17.6,328261.2097712252,2.2,2905.0,4689508.189233867,19,T
1675729744.6090987,$GPGGA,42.338885,-71.08475333333334,17.5,328261.2097712252,2.2,2906.0,4689508.189233867,19,T
1675729745.5942974,$GPGGA,42.338885,-71.08475333333334,17.5,328261.2097712252,2.2,2907.0,4689508.189233867,19,T
1675729746.6091802,$GPGGA,42.338885,-71.08475333333334,17.5,328261.2097712252,2.2,2908.0,4689508.189233867,19,T
1675729747.5947704,$GPGGA,42.338885,-71.08475333333334,17.5,328261.2097712252,2.2,2909.0,4689508.189233867,19,T
1675729748.6097903,$GPGGA,42.33888333333333,-71.08475333333334,17.5,328261.2052338023,2.2,2910.0,4689508.004163234,19,T
1675729749.5931401,$GPGGA,42.33888333333333,-71.08475333333334,17.5,328261.2052338023,2.2,2911.0,4689508.004163234,19,T
1675729750.5918446,$GPGGA,42.33888333333333,-71.08475333333334,17.5,328261.2052338023,2.2,2912.0,4689508.004163234,19,T
1675729751.5944796,$GPGGA,42.33888333333333,-71.08475333333334,17.5,328261.2052338023,2.2,2913.0,4689508.004163234,19,T
1675729752.5949988,$GPGGA,42.33888333333333,-71.08475166666668,17.5,328261.3425369748,2.2,2914.0,4689508.000796939,19,T
1675729753.5945327,$GPGGA,42.33888333333333,-71.08475166666668,17.5,328261.3425369748,3.3,2915.0,4689508.000796939,19,T
1675729754.5935194,$GPGGA,42.33888333333333,-71.08475166666668,17.5,328261.3425369748,2.2,2916.0,4689508.000796939,19,T
1675729755.5939338,$GPGGA,42.33888333333333,-71.08475166666668,17.5,328261.3425369748,2.2,2917.0,4689508.000796939,19,T
1675729756.5933807,$GPGGA,42.33888333333333,-71.08475166666668,17.5,328261.3425369748,2.2,2918.0,4689508.000796939,19,T
1675729757.6119554,$GPGGA,42.33888333333333,-71.08475166666668,17.5,328261.3425369748,2.2,2919.0,4689508.000796939,19,T
1675729758.5934646,$GPGGA,42.33888333333333,-71.08475166666668,17.5,328261.3425369748,2.2,2920.0,4689508.000796939,19,T
1675729759.5945604,$GPGGA,42.33888333333333,-71.08475166666668,17.5,328261.3425369748,2.2,2921.0,4689508.000796939,19,T
1675729760.5939796,$GPGGA,42.33888166666667,-71.08475166666668,17.4,328261.33799955575,2.2,2922.0,4689507.81572631,19,T
1675729761.6114135,$GPGGA,42.33888166666667,-71.08475166666668,17.4,328261.33799955575,2.2,2923.0,4689507.81572631,19,T
1675729762.5949893,$GPGGA,42.33888166666667,-71.08475166666668,17.4,328261.33799955575,3.3,2924.0,4689507.81572631,19,T
1675729763.5953567,$GPGGA,42.33888166666667,-71.08475166666668,17.4,328261.33799955575,2.2,2925.0,4689507.81572631,19,T
1675729764.6115036,$GPGGA,42.33888166666667,-71.08475166666668,17.4,328261.33799955575,2.2,2926.0,4689507.81572631,19,T
1675729765.5956397,$GPGGA,42.33888166666667,-71.08475166666668,17.4,328261.33799955575,2.2,2927.0,4689507.81572631,19,T
1675729766.5942008,$GPGGA,42.33888166666667,-71.08475166666668,17.4,328261.33799955575,2.2,2928.0,4689507.81572631,19,T
1675729767.5949185,$GPGGA,42.33888166666667,-71.08475166666668,17.4,328261.33799955575,2.2,2929.0,4689507.81572631,19,T
1675729768.5949728,$GPGGA,42.33888166666667,-71.08475166666668,17.4,328261.33799955575,2.2,2930.0,4689507.81572631,19,T
1675729769.61047,$GPGGA,42.33888166666667,-71.08475166666668,17.4,328261.33799955575,2.2,2931.0,4689507.81572631,19,T
1675729770.5949311,$GPGGA,42.33888166666667,-71.08475166666668,17.4,328261.33799955575,2.2,2932.0,4689507.81572631,19,T
1675729771.612626,$GPGGA,42.33888166666667,-71.08475166666668,17.4,328261.33799955575,2.2,2933.0,4689507.81572631,19,T
1675729772.5947683,$GPGGA,42.33888166666667,-71.08475166666668,17.4,328261.33799955575,2.2,2934.0,4689507.81572631,19,T
1675729773.595657,$GPGGA,42.33888,-71.08475166666668,17.4,328261.33346213674,2.2,2935.0,4689507.630655676,19,T
1675729774.5947728,$GPGGA,42.33888,-71.08475166666668,17.4,328261.33346213674,2.2,2936.0,4689507.630655676,19,T
1675729775.5956979,$GPGGA,42.33888,-71.08475,17.4,328261.4707653186,2.2,2937.0,4689507.627289384,19,T
1675729776.5958033,$GPGGA,42.33888,-71.08475,17.4,328261.4707653186,2.2,2938.0,4689507.627289384,19,T
1675729777.59529,$GPGGA,42.33888,-71.08475,17.4,328261.4707653186,3.3,2939.0,4689507.627289384,19,T
1675729778.6022398,$GPGGA,42.33888,-71.08475,17.4,328261.4707653186,3.3,2940.0,4689507.627289384,19,T
1675729779.5947986,$GPGGA,42.33888,-71.08475,17.4,328261.4707653186,3.3,2941.0,4689507.627289384,19,T
1675729780.5957954,$GPGGA,42.33888,-71.08475,17.4,328261.4707653186,3.3,2942.0,4689507.627289384,19,T
1675729781.596001,$GPGGA,42.33888,-71.08475,17.4,328261.4707653186,3.3,2943.0,4689507.627289384,19,T
1675729782.5958276,$GPGGA,42.33888,-71.08475,17.4,328261.4707653186,3.3,2944.0,4689507.627289384,19,T
1675729783.5967062,$GPGGA,42.33888,-71.08475,17.3,328261.4707653186,3.3,2945.0,4689507.627289384,19,T
1675729784.5956256,$GPGGA,42.33888,-71.08475,17.3,328261.4707653186,3.3,2946.0,4689507.627289384,19,T
1675729785.596836,$GPGGA,42.33888,-71.08475,17.3,328261.4707653186,3.3,2947.0,4689507.627289384,19,T
1675729786.5963595,$GPGGA,42.33888,-71.08475,17.3,328261.4707653186,3.3,2948.0,4689507.627289384,19,T
1675729787.5970063,$GPGGA,42.338878333333334,-71.08475,17.3,328261.4662279034,2.2,2949.0,4689507.442218753,19,T
1675729788.5970106,$GPGGA,42.338878333333334,-71.08475,17.3,328261.4662279034,2.2,2950.0,4689507.442218753,19,T
1675729789.5969765,$GPGGA,42.338878333333334,-71.08475,17.3,328261.4662279034,2.2,2951.0,4689507.442218753,19,T
1675729790.5965939,$GPGGA,42.338878333333334,-71.08475,17.4,328261.4662279034,2.2,2952.0,4689507.442218753,19,T
1675729791.5966454,$GPGGA,42.338878333333334,-71.08475,17.4,328261.4662279034,2.2,2953.0,4689507.442218753,19,T
1675729792.5980673,$GPGGA,42.338878333333334,-71.08475,17.4,328261.4662279034,2.2,2954.0,4689507.442218753,19,T
1675729793.596517,$GPGGA,42.338878333333334,-71.08474833333334,17.4,328261.60353108676,2.2,2955.0,4689507.438852463,19,T
1675729794.5998597,$GPGGA,42.338878333333334,-71.08474833333334,17.4,328261.60353108676,2.2,2956.0,4689507.438852463,19,T
1675729795.6133313,$GPGGA,42.338876666666664,-71.08474833333334,17.4,328261.5989936753,2.2,2957.0,4689507.25378183,19,T
1675729796.5975816,$GPGGA,42.338876666666664,-71.08474833333334,17.4,328261.5989936753,2.2,2958.0,4689507.25378183,19,T
1675729797.6133225,$GPGGA,42.338876666666664,-71.08474833333334,17.4,328261.5989936753,2.2,2959.0,4689507.25378183,19,T
1675729798.596365,$GPGGA,42.338876666666664,-71.08474833333334,17.4,328261.5989936753,3.3,3000.0,4689507.25378183,19,T
1675729799.6152184,$GPGGA,42.338876666666664,-71.08474833333334,17.4,328261.5989936753,3.3,3001.0,4689507.25378183,19,T
1675729800.5981975,$GPGGA,42.338876666666664,-71.08474833333334,17.4,328261.5989936753,3.3,3002.0,4689507.25378183,19,T
1675729801.5976732,$GPGGA,42.338876666666664,-71.08474833333334,17.4,328261.5989936753,3.3,3003.0,4689507.25378183,19,T
1675729802.5994513,$GPGGA,42.338876666666664,-71.08474833333334,17.4,328261.5989936753,3.3,3004.0,4689507.25378183,19,T
1675729803.597368,$GPGGA,42.33887500000001,-71.08474833333334,17.4,328261.59445626405,3.3,3005.0,4689507.068711199,19,T
1675729804.597201,$GPGGA,42.33887500000001,-71.08474833333334,17.4,328261.59445626405,3.3,3006.0,4689507.068711199,19,T
1675729805.5983148,$GPGGA,42.33887500000001,-71.08474833333334,17.4,328261.59445626405,3.3,3007.0,4689507.068711199,19,T
1675729806.596336,$GPGGA,42.33887500000001,-71.08474666666666,17.4,328261.7317594568,3.2,3008.0,4689507.065344913,19,T
1675729807.5972767,$GPGGA,42.33887500000001,-71.08474666666666,17.4,328261.7317594568,3.2,3009.0,4689507.065344913,19,T
1675729808.6158874,$GPGGA,42.33887500000001,-71.08474666666666,17.4,328261.7317594568,3.2,3010.0,4689507.065344913,19,T
1675729809.5981793,$GPGGA,42.33887500000001,-71.08474666666666,17.4,328261.7317594568,2.2,3011.0,4689507.065344913,19,T
1675729810.5975008,$GPGGA,42.33887500000001,-71.08474666666666,17.4,328261.7317594568,2.2,3012.0,4689507.065344913,19,T
1675729811.6001685,$GPGGA,42.33887500000001,-71.08474666666666,17.4,328261.7317594568,2.2,3013.0,4689507.065344913,19,T
1675729812.6163285,$GPGGA,42.33887500000001,-71.08474666666666,17.4,328261.7317594568,2.2,3014.0,4689507.065344913,19,T
1675729813.6001174,$GPGGA,42.33887333333334,-71.08474666666666,17.4,328261.72722204926,2.2,3015.0,4689506.88027428,19,T
1675729814.5985768,$GPGGA,42.33887333333334,-71.08474666666666,17.4,328261.72722204926,2.2,3016.0,4689506.88027428,19,T
1675729815.6153278,$GPGGA,42.33887333333334,-71.08474666666666,17.4,328261.72722204926,2.2,3017.0,4689506.88027428,19,T
1675729816.5979767,$GPGGA,42.33887333333334,-71.08474666666666,17.4,328261.72722204926,2.2,3018.0,4689506.88027428,19,T
1675729817.5995526,$GPGGA,42.33887333333334,-71.08474666666666,17.4,328261.72722204926,2.2,3019.0,4689506.88027428,19,T
1675729818.5990767,$GPGGA,42.33887333333334,-71.08474666666666,17.4,328261.72722204926,2.2,3020.0,4689506.88027428,19,T
1675729819.6016254,$GPGGA,42.33887333333334,-71.08474666666666,17.4,328261.72722204926,2.2,3021.0,4689506.88027428,19,T
1675729820.6000066,$GPGGA,42.33887333333334,-71.08474666666666,17.4,328261.72722204926,3.2,3022.0,4689506.88027428,19,T
1675729821.599669,$GPGGA,42.33887333333334,-71.08474666666666,17.4,328261.72722204926,3.2,3023.0,4689506.88027428,19,T
1675729822.618133,$GPGGA,42.33887333333334,-71.08474666666666,17.4,328261.72722204926,3.2,3024.0,4689506.88027428,19,T
1675729823.5997155,$GPGGA,42.33887333333334,-71.08474666666666,17.4,328261.72722204926,3.2,3025.0,4689506.88027428,19,T
1675729824.600698,$GPGGA,42.33887333333334,-71.08474500000001,17.3,328261.8645252414,3.2,3026.0,4689506.876907996,19,T
1675729825.5998638,$GPGGA,42.33887166666667,-71.08474500000001,17.3,328261.85998783767,3.2,3027.0,4689506.691837365,19,T
1675729826.5994608,$GPGGA,42.33887166666667,-71.08474500000001,17.3,328261.85998783767,3.2,3028.0,4689506.691837365,19,T
1675729827.601355,$GPGGA,42.33887166666667,-71.08474500000001,17.3,328261.85998783767,2.2,3029.0,4689506.691837365,19,T
1675729828.599831,$GPGGA,42.33887166666667,-71.08474500000001,17.3,328261.85998783767,3.2,3030.0,4689506.691837365,19,T
1675729829.6010323,$GPGGA,42.33887166666667,-71.08474500000001,17.3,328261.85998783767,3.2,3031.0,4689506.691837365,19,T
1675729830.5996015,$GPGGA,42.33887166666667,-71.08474500000001,17.3,328261.85998783767,3.2,3032.0,4689506.691837365,19,T
1675729831.6009972,$GPGGA,42.33887166666667,-71.08474500000001,17.3,328261.85998783767,3.2,3033.0,4689506.691837365,19,T
1675729832.6001658,$GPGGA,42.33887166666667,-71.08474500000001,17.3,328261.85998783767,2.2,3034.0,4689506.691837365,19,T
1675729833.6002648,$GPGGA,42.33887166666667,-71.08474500000001,17.3,328261.85998783767,3.2,3035.0,4689506.691837365,19,T
1675729834.599316,$GPGGA,42.33887166666667,-71.08474500000001,17.3,328261.85998783767,2.2,3036.0,4689506.691837365,19,T
1675729835.6011183,$GPGGA,42.33887166666667,-71.08474500000001,17.3,328261.85998783767,2.2,3037.0,4689506.691837365,19,T
1675729836.6032655,$GPGGA,42.33887166666667,-71.08474500000001,17.3,328261.85998783767,2.2,3038.0,4689506.691837365,19,T
1675729837.5986307,$GPGGA,42.33887166666667,-71.08474500000001,17.3,328261.85998783767,2.2,3039.0,4689506.691837365,19,T
1675729838.5999582,$GPGGA,42.33887166666667,-71.08474500000001,17.3,328261.85998783767,2.2,3040.0,4689506.691837365,19,T
1675729839.6004858,$GPGGA,42.33887166666667,-71.08474500000001,17.3,328261.85998783767,2.2,3041.0,4689506.691837365,19,T
1675729840.5995026,$GPGGA,42.33887166666667,-71.08474500000001,17.3,328261.85998783767,3.2,3042.0,4689506.691837365,19,T
1675729841.6028996,$GPGGA,42.33887166666667,-71.08474500000001,17.3,328261.85998783767,3.2,3043.0,4689506.691837365,19,T
1675729842.6001048,$GPGGA,42.33887166666667,-71.08474500000001,17.4,328261.85998783767,3.2,3044.0,4689506.691837365,19,T
1675729843.6006148,$GPGGA,42.33887166666667,-71.08474500000001,17.4,328261.85998783767,3.2,3045.0,4689506.691837365,19,T
1675729844.601641,$GPGGA,42.33887166666667,-71.08474500000001,17.4,328261.85998783767,3.2,3046.0,4689506.691837365,19,T
1675729845.6009347,$GPGGA,42.33887166666667,-71.08474500000001,17.4,328261.85998783767,3.2,3047.0,4689506.691837365,19,T
1675729846.6170666,$GPGGA,42.33887166666667,-71.08474500000001,17.4,328261.85998783767,3.2,3048.0,4689506.691837365,19,T
1675729847.6199033,$GPGGA,42.33887166666667,-71.08474500000001,17.4,328261.85998783767,3.2,3049.0,4689506.691837365,19,T
1675729848.6023257,$GPGGA,42.33887166666667,-71.08474500000001,17.4,328261.85998783767,3.2,3050.0,4689506.691837365,19,T
1675729849.6034067,$GPGGA,42.33887166666667,-71.08474333333334,17.4,328261.9972910377,2.2,3051.0,4689506.6884710835,19,T
1675729850.6017213,$GPGGA,42.33887166666667,-71.08474333333334,17.4,328261.9972910377,2.2,3052.0,4689506.6884710835,19,T
1675729851.6183226,$GPGGA,42.33887166666667,-71.08474333333334,17.4,328261.9972910377,2.2,3053.0,4689506.6884710835,19,T
1675729852.6032832,$GPGGA,42.33887166666667,-71.08474333333334,17.4,328261.9972910377,2.2,3054.0,4689506.6884710835,19,T
1675729853.6020207,$GPGGA,42.33887166666667,-71.08474,17.4,328262.2718974376,2.2,3055.0,4689506.681738528,19,T
1675729854.601941,$GPGGA,42.33887166666667,-71.08474,17.4,328262.2718974376,2.2,3056.0,4689506.681738528,19,T
1675729855.6029649,$GPGGA,42.33887166666667,-71.08474,17.4,328262.2718974376,2.2,3057.0,4689506.681738528,19,T
1675729856.602652,$GPGGA,42.33887166666667,-71.08474,17.4,328262.2718974376,2.2,3058.0,4689506.681738528,19,T
1675729857.6023223,$GPGGA,42.33887166666667,-71.08474,17.4,328262.2718974376,2.2,3059.0,4689506.681738528,19,T
1675729858.6017992,$GPGGA,42.33887166666667,-71.08474,17.4,328262.2718974376,2.2,3100.0,4689506.681738528,19,T
1675729859.6194568,$GPGGA,42.33887166666667,-71.08474,17.4,328262.2718974376,2.2,3101.0,4689506.681738528,19,T
1675729860.6019528,$GPGGA,42.33887166666667,-71.08474,17.4,328262.2718974376,2.2,3102.0,4689506.681738528,19,T
1675729861.6016126,$GPGGA,42.33887166666667,-71.08474,17.4,328262.2718974376,2.2,3103.0,4689506.681738528,19,T
1675729862.6004503,$GPGGA,42.33887166666667,-71.08474,17.4,328262.2718974376,2.2,3104.0,4689506.681738528,19,T
1675729863.617077,$GPGGA,42.33887166666667,-71.08474,17.4,328262.2718974376,3.2,3105.0,4689506.681738528,19,T
1675729864.6009247,$GPGGA,42.33887166666667,-71.08474,17.3,328262.2718974376,3.2,3106.0,4689506.681738528,19,T
1675729865.600912,$GPGGA,42.33887166666667,-71.08474,17.3,328262.2718974376,3.2,3107.0,4689506.681738528,19,T
1675729866.6214166,$GPGGA,42.33887166666667,-71.08474,17.3,328262.2718974376,3.2,3108.0,4689506.681738528,19,T
1675729867.6008477,$GPGGA,42.33887166666667,-71.08474,17.3,328262.2718974376,3.2,3109.0,4689506.681738528,19,T
1675729868.6018543,$GPGGA,42.33887166666667,-71.08474,17.3,328262.2718974376,3.2,3110.0,4689506.681738528,19,T
1675729869.6019182,$GPGGA,42.33887166666667,-71.08474,17.3,328262.2718974376,3.2,3111.0,4689506.681738528,19,T
1675729870.6024194,$GPGGA,42.33887166666667,-71.08474,17.3,328262.2718974376,3.2,3112.0,4689506.681738528,19,T
1675729871.6063454,$GPGGA,42.33887166666667,-71.08474,17.3,328262.2718974376,2.2,3113.0,4689506.681738528,19,T
1675729872.6045654,$GPGGA,42.33887166666667,-71.08474,17.3,328262.2718974376,2.2,3114.0,4689506.681738528,19,T
1675729873.6214468,$GPGGA,42.33887166666667,-71.08474,17.3,328262.2718974376,2.2,3115.0,4689506.681738528,19,T
1675729874.603419,$GPGGA,42.33887166666667,-71.08474,17.3,328262.2718974376,2.2,3116.0,4689506.681738528,19,T
1675729875.6042578,$GPGGA,42.33887166666667,-71.08474,17.2,328262.2718974376,2.2,3117.0,4689506.681738528,19,T
1675729876.6057518,$GPGGA,42.33887166666667,-71.08474,17.2,328262.2718974376,2.3,3118.0,4689506.681738528,19,T
1675729877.6051333,$GPGGA,42.33887166666667,-71.08474,17.2,328262.2718974376,2.3,3119.0,4689506.681738528,19,T
1675729878.6034427,$GPGGA,42.33887166666667,-71.08474,17.2,328262.2718974376,2.3,3120.0,4689506.681738528,19,T
1675729879.6028814,$GPGGA,42.33887166666667,-71.08474,17.2,328262.2718974376,2.3,3121.0,4689506.681738528,19,T
1675729880.603812,$GPGGA,42.33887166666667,-71.08474,17.2,328262.2718974376,2.3,3122.0,4689506.681738528,19,T
1675729881.6040425,$GPGGA,42.33887,-71.08474,17.2,328262.2673600449,2.3,3123.0,4689506.496667898,19,T
1675729882.602802,$GPGGA,42.33887,-71.08474,17.2,328262.2673600449,2.3,3124.0,4689506.496667898,19,T
1675729883.6048758,$GPGGA,42.33887,-71.08474,17.2,328262.2673600449,2.3,3125.0,4689506.496667898,19,T
1675729884.603836,$GPGGA,42.33887,-71.08474,17.1,328262.2673600449,2.3,3126.0,4689506.496667898,19,T
1675729885.6035476,$GPGGA,42.33887,-71.08474,17.1,328262.2673600449,2.3,3127.0,4689506.496667898,19,T
1675729886.603694,$GPGGA,42.33887,-71.08474,17.1,328262.2673600449,2.3,3128.0,4689506.496667898,19,T
1675729887.6042829,$GPGGA,42.33887,-71.08474,17.1,328262.2673600449,2.3,3129.0,4689506.496667898,19,T
1675729888.6049402,$GPGGA,42.33887,-71.08474,17.1,328262.2673600449,3.2,3130.0,4689506.496667898,19,T
1675729889.6052356,$GPGGA,42.33887,-71.08474,17.1,328262.2673600449,3.2,3131.0,4689506.496667898,19,T
1675729890.6044817,$GPGGA,42.33887,-71.08474,17.1,328262.2673600449,3.2,3132.0,4689506.496667898,19,T
1675729891.6057682,$GPGGA,42.33887,-71.08474,17.0,328262.2673600449,3.2,3133.0,4689506.496667898,19,T
1675729892.6046143,$GPGGA,42.33887,-71.08474,17.0,328262.2673600449,3.2,3134.0,4689506.496667898,19,T
1675729893.6042194,$GPGGA,42.33887,-71.08474,17.0,328262.2673600449,3.2,3135.0,4689506.496667898,19,T
1675729894.6037762,$GPGGA,42.33887,-71.08474,17.0,328262.2673600449,3.2,3136.0,4689506.496667898,19,T
1675729895.605914,$GPGGA,42.33887,-71.08474,17.0,328262.2673600449,3.2,3137.0,4689506.496667898,19,T
1675729896.6221962,$GPGGA,42.33887,-71.08474166666666,17.0,328262.1300568413,3.2,3138.0,4689506.500034173,19,T
1675729897.6232264,$GPGGA,42.33887,-71.08474166666666,17.0,328262.1300568413,3.2,3139.0,4689506.500034173,19,T
1675729898.605053,$GPGGA,42.33887,-71.08474166666666,16.9,328262.1300568413,3.2,3140.0,4689506.500034173,19,T
1675729899.6061215,$GPGGA,42.33887,-71.08474166666666,16.9,328262.1300568413,2.3,3141.0,4689506.500034173,19,T
1675729900.6053584,$GPGGA,42.33887,-71.08474166666666,16.9,328262.1300568413,2.3,3142.0,4689506.500034173,19,T
1675729901.6245086,$GPGGA,42.33887,-71.08474166666666,16.9,328262.1300568413,2.3,3143.0,4689506.500034173,19,T
1675729902.6049044,$GPGGA,42.33887,-71.08474166666666,16.9,328262.1300568413,2.3,3144.0,4689506.500034173,19,T
1675729903.60562,$GPGGA,42.33887,-71.08474166666666,16.8,328262.1300568413,2.3,3145.0,4689506.500034173,19,T
1675729904.6059754,$GPGGA,42.33887,-71.08474166666666,16.8,328262.1300568413,2.3,3146.0,4689506.500034173,19,T
1675729905.6060948,$GPGGA,42.33887,-71.08474166666666,16.8,328262.1300568413,2.3,3147.0,4689506.500034173,19,T
1675729906.6053166,$GPGGA,42.33887,-71.08474166666666,16.8,328262.1300568413,2.3,3148.0,4689506.500034173,19,T
1675729907.6074812,$GPGGA,42.33887,-71.08474166666666,16.8,328262.1300568413,2.3,3149.0,4689506.500034173,19,T
1675729908.6068914,$GPGGA,42.33887,-71.08474166666666,16.7,328262.1300568413,2.3,3150.0,4689506.500034173,19,T
1675729909.6057537,$GPGGA,42.33887,-71.08474166666666,16.7,328262.1300568413,2.3,3151.0,4689506.500034173,19,T
1675729910.6228454,$GPGGA,42.33887,-71.08474166666666,16.7,328262.1300568413,2.3,3152.0,4689506.500034173,19,T
1675729911.610427,$GPGGA,42.33887,-71.08474166666666,16.7,328262.1300568413,3.2,3153.0,4689506.500034173,19,T
1675729912.6070173,$GPGGA,42.33887,-71.08474166666666,16.7,328262.1300568413,3.2,3154.0,4689506.500034173,19,T
1675729913.60587,$GPGGA,42.33887,-71.08474166666666,16.7,328262.1300568413,3.2,3155.0,4689506.500034173,19,T
1675729914.6218076,$GPGGA,42.33887,-71.08474166666666,16.6,328262.1300568413,3.2,3156.0,4689506.500034173,19,T
1675729915.6080902,$GPGGA,42.33886833333333,-71.08474166666666,16.6,328262.12551944505,3.2,3157.0,4689506.31496354,19,T
1675729916.606637,$GPGGA,42.33886833333333,-71.08474166666666,16.6,328262.12551944505,3.2,3158.0,4689506.31496354,19,T
1675729917.6233704,$GPGGA,42.33886833333333,-71.08474166666666,16.6,328262.12551944505,3.2,3159.0,4689506.31496354,19,T
1675729918.6053479,$GPGGA,42.33886833333333,-71.08474166666666,16.6,328262.12551944505,3.2,3200.0,4689506.31496354,19,T
1675729919.607955,$GPGGA,42.33886833333333,-71.08474166666666,16.6,328262.12551944505,3.2,3201.0,4689506.31496354,19,T
1675729920.6074555,$GPGGA,42.33886833333333,-71.08474166666666,16.5,328262.12551944505,2.3,3202.0,4689506.31496354,19,T
1675729921.6070106,$GPGGA,42.33886833333333,-71.08474166666666,16.5,328262.12551944505,2.3,3203.0,4689506.31496354,19,T
1675729922.6060941,$GPGGA,42.33886833333333,-71.08474166666666,16.5,328262.12551944505,2.3,3204.0,4689506.31496354,19,T
1675729923.6246123,$GPGGA,42.33886833333333,-71.08474166666666,16.5,328262.12551944505,2.3,3205.0,4689506.31496354,19,T
1675729924.6070538,$GPGGA,42.33886833333333,-71.08474166666666,16.5,328262.12551944505,2.3,3206.0,4689506.31496354,19,T
1675729925.6090517,$GPGGA,42.33886833333333,-71.08474166666666,16.4,328262.12551944505,2.3,3207.0,4689506.31496354,19,T
1675729926.6072204,$GPGGA,42.33886833333333,-71.08474166666666,16.4,328262.12551944505,2.3,3208.0,4689506.31496354,19,T
1675729927.6084197,$GPGGA,42.33886833333333,-71.08474166666666,16.4,328262.12551944505,2.3,3209.0,4689506.31496354,19,T
1675729928.6078248,$GPGGA,42.33886833333333,-71.08474166666666,16.4,328262.12551944505,2.3,3210.0,4689506.31496354,19,T
1675729929.6072307,$GPGGA,42.33886833333333,-71.08474166666666,16.4,328262.12551944505,2.3,3211.0,4689506.31496354,19,T
1675729930.6068006,$GPGGA,42.33886833333333,-71.08474166666666,16.4,328262.12551944505,2.3,3212.0,4689506.31496354,19,T
1675729931.609634,$GPGGA,42.33886833333333,-71.08474166666666,16.3,328262.12551944505,3.2,3213.0,4689506.31496354,19,T
1675729932.6087549,$GPGGA,42.33886833333333,-71.08474166666666,16.3,328262.12551944505,3.2,3214.0,4689506.31496354,19,T
1675729933.608805,$GPGGA,42.33886833333333,-71.08474166666666,16.3,328262.12551944505,3.2,3215.0,4689506.31496354,19,T
1675729934.6073098,$GPGGA,42.33886833333333,-71.08474166666666,16.3,328262.12551944505,3.2,3216.0,4689506.31496354,19,T
1675729935.607394,$GPGGA,42.33886833333333,-71.08474166666666,16.3,328262.12551944505,3.2,3217.0,4689506.31496354,19,T
1675729936.6082678,$GPGGA,42.33886833333333,-71.08474166666666,16.3,328262.12551944505,3.2,3218.0,4689506.31496354,19,T
1675729937.60764,$GPGGA,42.33886833333333,-71.08474166666666,16.2,328262.12551944505,3.2,3219.0,4689506.31496354,19,T
1675729938.6074736,$GPGGA,42.33886833333333,-71.08474166666666,16.2,328262.12551944505,3.2,3220.0,4689506.31496354,19,T
1675729939.6083663,$GPGGA,42.33886833333333,-71.08474166666666,16.2,328262.12551944505,3.2,3221.0,4689506.31496354,19,T
1675729940.6081107,$GPGGA,42.33886833333333,-71.08474166666666,16.2,328262.12551944505,3.2,3222.0,4689506.31496354,19,T
1675729941.6088946,$GPGGA,42.33886833333333,-71.08474166666666,16.2,328262.12551944505,2.3,3223.0,4689506.31496354,19,T
1675729942.6074595,$GPGGA,42.33886833333333,-71.08474166666666,16.2,328262.12551944505,2.3,3224.0,4689506.31496354,19,T
1675729943.6120555,$GPGGA,42.33886833333333,-71.08474333333334,16.1,328261.98821623786,2.3,3225.0,4689506.3183298195,19,T
1675729944.6085875,$GPGGA,42.33886833333333,-71.08474333333334,16.1,328261.98821623786,2.3,3226.0,4689506.3183298195,19,T
1675729945.609494,$GPGGA,42.33886833333333,-71.08474333333334,16.1,328261.98821623786,2.3,3227.0,4689506.3183298195,19,T
1675729946.608559,$GPGGA,42.33886833333333,-71.08474333333334,16.1,328261.98821623786,2.3,3228.0,4689506.3183298195,19,T
1675729947.6261783,$GPGGA,42.33886833333333,-71.08474333333334,16.1,328261.98821623786,2.3,3229.0,4689506.3183298195,19,T
1675729948.6264195,$GPGGA,42.338866666666675,-71.08474333333334,16.1,328261.9836788382,2.3,3230.0,4689506.13325919,19,T
1675729949.6110306,$GPGGA,42.338866666666675,-71.08474333333334,16.0,328261.9836788382,2.3,3231.0,4689506.13325919,19,T
1675729950.608951,$GPGGA,42.338866666666675,-71.08474333333334,16.0,328261.9836788382,2.3,3232.0,4689506.13325919,19,T
1675729951.6096299,$GPGGA,42.338866666666675,-71.08474333333334,16.0,328261.9836788382,2.3,3233.0,4689506.13325919,19,T
1675729952.625866,$GPGGA,42.338866666666675,-71.08474333333334,16.0,328261.9836788382,2.3,3234.0,4689506.13325919,19,T
1675729953.6092536,$GPGGA,42.338866666666675,-71.08474333333334,16.0,328261.9836788382,2.3,3235.0,4689506.13325919,19,T
1675729954.6089973,$GPGGA,42.338866666666675,-71.08474333333334,16.0,328261.9836788382,2.3,3236.0,4689506.13325919,19,T
1675729955.6104543,$GPGGA,42.338866666666675,-71.08474333333334,16.0,328261.9836788382,2.3,3237.0,4689506.13325919,19,T
1675729956.6098704,$GPGGA,42.338866666666675,-71.08474333333334,15.9,328261.9836788382,2.3,3238.0,4689506.13325919,19,T
1675729957.610393,$GPGGA,42.338866666666675,-71.08474333333334,15.9,328261.9836788382,3.2,3239.0,4689506.13325919,19,T
1675729958.6098108,$GPGGA,42.338866666666675,-71.08474333333334,15.9,328261.9836788382,3.2,3240.0,4689506.13325919,19,T
1675729959.6093464,$GPGGA,42.338866666666675,-71.08474333333334,15.9,328261.9836788382,3.2,3241.0,4689506.13325919,19,T
1675729960.6094744,$GPGGA,42.338866666666675,-71.08474333333334,15.9,328261.9836788382,3.2,3242.0,4689506.13325919,19,T
1675729961.6265218,$GPGGA,42.338866666666675,-71.08474333333334,15.8,328261.9836788382,3.2,3243.0,4689506.13325919,19,T
1675729962.6097772,$GPGGA,42.338866666666675,-71.08474333333334,15.8,328261.9836788382,3.2,3244.0,4689506.13325919,19,T
1675729963.611426,$GPGGA,42.338866666666675,-71.08474333333334,15.8,328261.9836788382,3.2,3245.0,4689506.13325919,19,T
1675729964.6275656,$GPGGA,42.338866666666675,-71.08474333333334,15.8,328261.9836788382,2.3,3246.0,4689506.13325919,19,T
1675729965.6110375,$GPGGA,42.338866666666675,-71.08474333333334,15.8,328261.9836788382,2.3,3247.0,4689506.13325919,19,T
1675729966.6105845,$GPGGA,42.338866666666675,-71.08474333333334,15.8,328261.9836788382,2.3,3248.0,4689506.13325919,19,T
1675729967.627855,$GPGGA,42.338866666666675,-71.08474333333334,15.7,328261.9836788382,2.3,3249.0,4689506.13325919,19,T
1675729968.611658,$GPGGA,42.338866666666675,-71.08474333333334,15.7,328261.9836788382,2.3,3250.0,4689506.13325919,19,T
1675729969.6119719,$GPGGA,42.338866666666675,-71.08474333333334,15.7,328261.9836788382,2.3,3251.0,4689506.13325919,19,T
1675729970.6117554,$GPGGA,42.338866666666675,-71.08474333333334,15.7,328261.9836788382,2.3,3252.0,4689506.13325919,19,T
1675729971.6120584,$GPGGA,42.338866666666675,-71.08474333333334,15.7,328261.9836788382,2.3,3253.0,4689506.13325919,19,T
1675729972.6117427,$GPGGA,42.338866666666675,-71.08474333333334,15.7,328261.9836788382,2.3,3254.0,4689506.13325919,19,T
1675729973.629924,$GPGGA,42.338866666666675,-71.08474333333334,15.6,328261.9836788382,2.3,3255.0,4689506.13325919,19,T
1675729974.6122465,$GPGGA,42.338866666666675,-71.08474333333334,15.6,328261.9836788382,2.3,3256.0,4689506.13325919,19,T
1675729975.612005,$GPGGA,42.338866666666675,-71.08474333333334,15.6,328261.9836788382,2.3,3257.0,4689506.13325919,19,T
1675729976.6126695,$GPGGA,42.338866666666675,-71.08474333333334,15.6,328261.9836788382,2.3,3258.0,4689506.13325919,19,T
1675729977.6116025,$GPGGA,42.338866666666675,-71.08474500000001,15.6,328261.8463756273,2.3,3259.0,4689506.136625471,19,T
1675729978.6093996,$GPGGA,42.338866666666675,-71.08474500000001,15.6,328261.8463756273,2.3,3300.0,4689506.136625471,19,T
1675729979.6104991,$GPGGA,42.338866666666675,-71.08474500000001,15.5,328261.8463756273,3.1,3301.0,4689506.136625471,19,T
1675729980.6098647,$GPGGA,42.338866666666675,-71.08474500000001,15.5,328261.8463756273,3.1,3302.0,4689506.136625471,19,T
1675729981.6100154,$GPGGA,42.338866666666675,-71.08474500000001,15.5,328261.8463756273,3.1,3303.0,4689506.136625471,19,T
1675729982.6102679,$GPGGA,42.338866666666675,-71.08474500000001,15.5,328261.8463756273,3.1,3304.0,4689506.136625471,19,T
1675729983.6112378,$GPGGA,42.338866666666675,-71.08474500000001,15.5,328261.8463756273,3.1,3305.0,4689506.136625471,19,T
1675729984.6113052,$GPGGA,42.338866666666675,-71.08474500000001,15.4,328261.8463756273,3.1,3306.0,4689506.136625471,19,T
1675729985.6150959,$GPGGA,42.338866666666675,-71.08474500000001,15.4,328261.8463756273,2.3,3307.0,4689506.136625471,19,T
1675729986.6118548,$GPGGA,42.338866666666675,-71.08474500000001,15.4,328261.8463756273,2.3,3308.0,4689506.136625471,19,T
1675729987.6128445,$GPGGA,42.338866666666675,-71.08474500000001,15.4,328261.8463756273,2.3,3309.0,4689506.136625471,19,T
1675729988.6131268,$GPGGA,42.338866666666675,-71.08474500000001,15.4,328261.8463756273,2.3,3310.0,4689506.136625471,19,T
1675729989.6130004,$GPGGA,42.338866666666675,-71.08474500000001,15.3,328261.8463756273,2.3,3311.0,4689506.136625471,19,T
1675729990.614023,$GPGGA,42.338866666666675,-71.08474500000001,15.3,328261.8463756273,2.3,3312.0,4689506.136625471,19,T
1675729991.613216,$GPGGA,42.338866666666675,-71.08474500000001,15.3,328261.8463756273,2.3,3313.0,4689506.136625471,19,T
1675729992.6138673,$GPGGA,42.338866666666675,-71.08474500000001,15.3,328261.8463756273,2.3,3314.0,4689506.136625471,19,T
1675729993.615376,$GPGGA,42.338866666666675,-71.08474500000001,15.3,328261.8463756273,2.3,3315.0,4689506.136625471,19,T
1675729994.6130376,$GPGGA,42.338866666666675,-71.08474500000001,15.2,328261.8463756273,2.3,3316.0,4689506.136625471,19,T
1675729995.6152186,$GPGGA,42.338866666666675,-71.08474500000001,15.2,328261.8463756273,2.3,3317.0,4689506.136625471,19,T
1675729996.614483,$GPGGA,42.338866666666675,-71.08474500000001,15.2,328261.8463756273,2.3,3318.0,4689506.136625471,19,T
1675729997.6147423,$GPGGA,42.338866666666675,-71.08474500000001,15.2,328261.8463756273,3.1,3319.0,4689506.136625471,19,T
1675729998.63031,$GPGGA,42.338866666666675,-71.08474500000001,15.2,328261.8463756273,3.1,3320.0,4689506.136625471,19,T
1675729999.6317115,$GPGGA,42.338866666666675,-71.08474500000001,15.1,328261.8463756273,3.1,3321.0,4689506.136625471,19,T
1675730000.61393,$GPGGA,42.338866666666675,-71.08474500000001,15.1,328261.8463756273,3.1,3322.0,4689506.136625471,19,T
1675730001.6135213,$GPGGA,42.338866666666675,-71.08474500000001,15.1,328261.8463756273,3.1,3323.0,4689506.136625471,19,T
1675730002.613456,$GPGGA,42.338866666666675,-71.08474500000001,15.1,328261.8463756273,3.1,3324.0,4689506.136625471,19,T
1675730003.6305385,$GPGGA,42.338866666666675,-71.08474500000001,15.0,328261.8463756273,2.3,3325.0,4689506.136625471,19,T
1675730004.6134286,$GPGGA,42.338866666666675,-71.08474500000001,15.0,328261.8463756273,2.3,3326.0,4689506.136625471,19,T
1675730005.613582,$GPGGA,42.338866666666675,-71.08474500000001,15.0,328261.8463756273,2.3,3327.0,4689506.136625471,19,T
1675730006.613935,$GPGGA,42.338866666666675,-71.08474500000001,15.0,328261.8463756273,2.3,3328.0,4689506.136625471,19,T
1675730007.61389,$GPGGA,42.338866666666675,-71.08474666666666,15.0,328261.7090724206,2.3,3329.0,4689506.139991755,19,T
1675730008.6148474,$GPGGA,42.338866666666675,-71.08474666666666,14.9,328261.7090724206,2.3,3330.0,4689506.139991755,19,T
1675730009.6147747,$GPGGA,42.338866666666675,-71.08474666666666,14.9,328261.7090724206,2.3,3331.0,4689506.139991755,19,T
1675730010.6140866,$GPGGA,42.338866666666675,-71.08474666666666,14.9,328261.7090724206,2.3,3332.0,4689506.139991755,19,T
1675730011.6151721,$GPGGA,42.338865000000006,-71.08474666666666,14.9,328261.7045350139,2.3,3333.0,4689505.954921122,19,T
1675730012.6307316,$GPGGA,42.338865000000006,-71.08474666666666,14.8,328261.7045350139,2.3,3334.0,4689505.954921122,19,T
1675730013.6144793,$GPGGA,42.338865000000006,-71.08474666666666,14.8,328261.7045350139,2.3,3335.0,4689505.954921122,19,T
1675730014.6173353,$GPGGA,42.338865000000006,-71.08474666666666,14.8,328261.7045350139,2.3,3336.0,4689505.954921122,19,T
1675730015.6332393,$GPGGA,42.338865000000006,-71.08474666666666,14.8,328261.7045350139,2.3,3337.0,4689505.954921122,19,T
1675730016.6152005,$GPGGA,42.338865000000006,-71.08474666666666,14.7,328261.7045350139,2.3,3338.0,4689505.954921122,19,T
1675730017.6174629,$GPGGA,42.338865000000006,-71.08474666666666,14.7,328261.7045350139,2.3,3339.0,4689505.954921122,19,T
1675730018.6343083,$GPGGA,42.338865000000006,-71.08474666666666,14.7,328261.7045350139,2.3,3340.0,4689505.954921122,19,T
1675730019.6165526,$GPGGA,42.338865000000006,-71.08474666666666,14.7,328261.7045350139,3.1,3341.0,4689505.954921122,19,T
1675730020.6135974,$GPGGA,42.338865000000006,-71.08474666666666,14.7,328261.7045350139,3.1,3342.0,4689505.954921122,19,T
1675730021.6166284,$GPGGA,42.338865000000006,-71.08474666666666,14.6,328261.7045350139,2.3,3343.0,4689505.954921122,19,T
1675730022.6161892,$GPGGA,42.338865000000006,-71.08474666666666,14.6,328261.7045350139,2.3,3344.0,4689505.954921122,19,T
1675730023.6329496,$GPGGA,42.338865000000006,-71.08474666666666,14.6,328261.7045350139,2.3,3345.0,4689505.954921122,19,T
1675730024.6164012,$GPGGA,42.338865000000006,-71.08474666666666,14.6,328261.7045350139,2.3,3346.0,4689505.954921122,19,T
1675730025.6159077,$GPGGA,42.338865000000006,-71.08474666666666,14.5,328261.7045350139,2.3,3347.0,4689505.954921122,19,T
1675730026.615308,$GPGGA,42.338865000000006,-71.08474666666666,14.5,328261.7045350139,2.3,3348.0,4689505.954921122,19,T
1675730027.6160944,$GPGGA,42.338865000000006,-71.08474666666666,14.5,328261.7045350139,2.3,3349.0,4689505.954921122,19,T
1675730028.6157935,$GPGGA,42.338865000000006,-71.08474666666666,14.5,328261.7045350139,2.3,3350.0,4689505.954921122,19,T
1675730029.6162882,$GPGGA,42.338865000000006,-71.08474666666666,14.5,328261.7045350139,2.3,3351.0,4689505.954921122,19,T
1675730030.6153626,$GPGGA,42.338865000000006,-71.08474666666666,14.4,328261.7045350139,2.3,3352.0,4689505.954921122,19,T
1675730031.616504,$GPGGA,42.338865000000006,-71.08474666666666,14.4,328261.7045350139,2.3,3353.0,4689505.954921122,19,T
1675730032.6166666,$GPGGA,42.338865000000006,-71.08474666666666,14.4,328261.7045350139,2.3,3354.0,4689505.954921122,19,T
1675730033.6171143,$GPGGA,42.338865000000006,-71.08474666666666,14.4,328261.7045350139,2.3,3355.0,4689505.954921122,19,T
1675730034.6160643,$GPGGA,42.338865000000006,-71.08474666666666,14.4,328261.7045350139,2.3,3356.0,4689505.954921122,19,T
1675730035.6170225,$GPGGA,42.338865000000006,-71.08474666666666,14.4,328261.7045350139,2.3,3357.0,4689505.954921122,19,T
1675730036.6163504,$GPGGA,42.338865000000006,-71.08474833333334,14.3,328261.56723179936,2.3,3358.0,4689505.958287409,19,T
1675730037.6162398,$GPGGA,42.338865000000006,-71.08474833333334,14.3,328261.56723179936,2.3,3359.0,4689505.958287409,19,T
1675730038.6197057,$GPGGA,42.338865000000006,-71.08474833333334,14.3,328261.56723179936,3.1,3400.0,4689505.958287409,19,T
1675730039.6209977,$GPGGA,42.338865000000006,-71.08474833333334,14.3,328261.56723179936,3.1,3401.0,4689505.958287409,19,T
1675730040.6176827,$GPGGA,42.338865000000006,-71.08474833333334,14.3,328261.56723179936,2.3,3402.0,4689505.958287409,19,T
1675730041.6180785,$GPGGA,42.338865000000006,-71.08474833333334,14.3,328261.56723179936,2.3,3403.0,4689505.958287409,19,T
1675730042.6173444,$GPGGA,42.338865000000006,-71.08474833333334,14.2,328261.56723179936,2.3,3404.0,4689505.958287409,19,T
1675730043.6184726,$GPGGA,42.338865000000006,-71.08474833333334,14.2,328261.56723179936,2.3,3405.0,4689505.958287409,19,T
1675730044.619142,$GPGGA,42.338865000000006,-71.08474833333334,14.2,328261.56723179936,2.3,3406.0,4689505.958287409,19,T
1675730045.6188471,$GPGGA,42.338865000000006,-71.08474833333334,14.2,328261.56723179936,2.3,3407.0,4689505.958287409,19,T
1675730046.6182184,$GPGGA,42.338865000000006,-71.08474833333334,14.2,328261.56723179936,2.3,3408.0,4689505.958287409,19,T
1675730047.6183412,$GPGGA,42.338865000000006,-71.08474833333334,14.2,328261.56723179936,2.3,3409.0,4689505.958287409,19,T
1675730048.6176047,$GPGGA,42.338865000000006,-71.08474833333334,14.2,328261.56723179936,2.3,3410.0,4689505.958287409,19,T
1675730049.6343157,$GPGGA,42.338865000000006,-71.08474833333334,14.1,328261.56723179936,2.3,3411.0,4689505.958287409,19,T
1675730050.6369238,$GPGGA,42.338865000000006,-71.08474833333334,14.1,328261.56723179936,2.3,3412.0,4689505.958287409,19,T
1675730051.6196282,$GPGGA,42.338865000000006,-71.08474833333334,14.1,328261.56723179936,2.3,3413.0,4689505.958287409,19,T
1675730052.6180246,$GPGGA,42.338865000000006,-71.08474833333334,14.1,328261.56723179936,2.3,3414.0,4689505.958287409,19,T
1675730053.618879,$GPGGA,42.338865000000006,-71.08474833333334,14.1,328261.56723179936,2.3,3415.0,4689505.958287409,19,T
1675730054.6341703,$GPGGA,42.338865000000006,-71.08474833333334,14.1,328261.56723179936,2.3,3416.0,4689505.958287409,19,T
1675730055.6187446,$GPGGA,42.338865000000006,-71.08474833333334,14.1,328261.56723179936,2.3,3417.0,4689505.958287409,19,T
1675730056.6191995,$GPGGA,42.338865000000006,-71.08474833333334,14.0,328261.56723179936,2.3,3418.0,4689505.958287409,19,T
1675730057.619483,$GPGGA,42.338865000000006,-71.08474833333334,14.0,328261.56723179936,2.3,3419.0,4689505.958287409,19,T
1675730058.6187053,$GPGGA,42.338865000000006,-71.08474833333334,14.0,328261.56723179936,2.3,3420.0,4689505.958287409,19,T
1675730059.6187625,$GPGGA,42.338865000000006,-71.08474833333334,14.0,328261.56723179936,2.3,3421.0,4689505.958287409,19,T
1675730060.6189258,$GPGGA,42.338865000000006,-71.08474833333334,14.0,328261.56723179936,2.3,3422.0,4689505.958287409,19,T
1675730061.6194656,$GPGGA,42.338865000000006,-71.08474833333334,14.0,328261.56723179936,2.3,3423.0,4689505.958287409,19,T
1675730062.6194243,$GPGGA,42.338865000000006,-71.08474833333334,14.0,328261.56723179936,2.3,3424.0,4689505.958287409,19,T
1675730063.636696,$GPGGA,42.338865000000006,-71.08474833333334,14.0,328261.56723179936,2.3,3425.0,4689505.958287409,19,T
1675730064.6199253,$GPGGA,42.338865000000006,-71.08474833333334,14.0,328261.56723179936,2.3,3426.0,4689505.958287409,19,T
1675730065.619882,$GPGGA,42.338865000000006,-71.08474833333334,14.0,328261.56723179936,2.3,3427.0,4689505.958287409,19,T
1675730066.6192923,$GPGGA,42.338865000000006,-71.08474833333334,13.9,328261.56723179936,2.3,3428.0,4689505.958287409,19,T
1675730067.620561,$GPGGA,42.338865000000006,-71.08474833333334,13.9,328261.56723179936,2.3,3429.0,4689505.958287409,19,T
1675730068.6371355,$GPGGA,42.338865000000006,-71.08474833333334,13.9,328261.56723179936,2.3,3430.0,4689505.958287409,19,T
1675730069.6201982,$GPGGA,42.338865000000006,-71.08474833333334,13.9,328261.56723179936,2.3,3431.0,4689505.958287409,19,T
1675730070.6204329,$GPGGA,42.338865000000006,-71.08474833333334,13.9,328261.56723179936,2.3,3432.0,4689505.958287409,19,T
1675730071.6203601,$GPGGA,42.338865000000006,-71.08474833333334,13.9,328261.56723179936,2.3,3433.0,4689505.958287409,19,T
1675730072.620672,$GPGGA,42.338865000000006,-71.08474833333334,13.9,328261.56723179936,2.3,3434.0,4689505.958287409,19,T
1675730073.6206603,$GPGGA,42.33886333333333,-71.08474833333334,13.9,328261.562694389,2.3,3435.0,4689505.773216777,19,T
1675730074.6201243,$GPGGA,42.33886333333333,-71.08474833333334,13.9,328261.562694389,2.3,3436.0,4689505.773216777,19,T
1675730075.63907,$GPGGA,42.33886333333333,-71.08474833333334,13.9,328261.562694389,2.3,3437.0,4689505.773216777,19,T
1675730076.621377,$GPGGA,42.33886333333333,-71.08474833333334,13.9,328261.562694389,2.3,3438.0,4689505.773216777,19,T
1675730077.636045,$GPGGA,42.33886333333333,-71.08474833333334,13.8,328261.562694389,3.1,3439.0,4689505.773216777,19,T
1675730078.6197116,$GPGGA,42.33886333333333,-71.08474833333334,13.8,328261.562694389,3.1,3440.0,4689505.773216777,19,T
1675730079.623062,$GPGGA,42.33886333333333,-71.08474833333334,13.8,328261.562694389,3.1,3441.0,4689505.773216777,19,T
1675730080.618897,$GPGGA,42.33886333333333,-71.08474833333334,13.8,328261.562694389,3.1,3442.0,4689505.773216777,19,T
1675730081.6209517,$GPGGA,42.33886333333333,-71.08474833333334,13.8,328261.562694389,3.1,3443.0,4689505.773216777,19,T
1675730082.621403,$GPGGA,42.33886333333333,-71.08474833333334,13.8,328261.562694389,2.3,3444.0,4689505.773216777,19,T
1675730083.6226785,$GPGGA,42.33886333333333,-71.08474833333334,13.8,328261.562694389,2.3,3445.0,4689505.773216777,19,T
1675730084.6254673,$GPGGA,42.33886333333333,-71.08474833333334,13.8,328261.562694389,2.3,3446.0,4689505.773216777,19,T
1675730085.6228638,$GPGGA,42.33886333333333,-71.08474833333334,13.8,328261.562694389,2.3,3447.0,4689505.773216777,19,T
1675730086.6219847,$GPGGA,42.33886333333333,-71.08474833333334,13.8,328261.562694389,2.3,3448.0,4689505.773216777,19,T
1675730087.6231039,$GPGGA,42.338860000000004,-71.08474666666666,13.2,328261.6909227944,2.3,3449.0,4689505.3997092275,19,T
1675730088.6236858,$GPGGA,42.338860000000004,-71.08474666666666,13.2,328261.6909227944,3.1,3450.0,4689505.3997092275,19,T
1675730089.6227963,$GPGGA,42.338860000000004,-71.08474666666666,13.2,328261.6909227944,3.1,3451.0,4689505.3997092275,19,T
1675730090.6220267,$GPGGA,42.338860000000004,-71.08474666666666,13.2,328261.6909227944,3.1,3452.0,4689505.3997092275,19,T
1675730091.6224997,$GPGGA,42.338860000000004,-71.08474666666666,13.2,328261.6909227944,3.1,3453.0,4689505.3997092275,19,T
1675730092.626735,$GPGGA,42.338860000000004,-71.08474666666666,13.2,328261.6909227944,3.1,3454.0,4689505.3997092275,19,T
1675730093.6226137,$GPGGA,42.338860000000004,-71.08474666666666,13.2,328261.6909227944,3.1,3455.0,4689505.3997092275,19,T
1675730094.6220562,$GPGGA,42.338860000000004,-71.08474666666666,13.2,328261.6909227944,3.1,3456.0,4689505.3997092275,19,T
1675730095.6222908,$GPGGA,42.338860000000004,-71.08474666666666,13.2,328261.6909227944,3.1,3457.0,4689505.3997092275,19,T
